,사업장명,인허가일자,폐업일자,좌표정보(X),좌표정보(Y)
0,마리오아울렛 1관,20130906,20300101,189943.234285288,441784.247518723
1,마리오아울렛 3관,20120913,20300101,189759.713050655,441814.115920983
2,롯데슈퍼 목동2점,20120405,20300101,188700.851169641,448020.090999138
3,영등포유통상가,19990531,20300101,190555.768991595,446698.814322782
4,롯데슈퍼 방배2점,20120424,20300101,198984.364832071,443229.835878514
5,GS THE FRESH 동대문장안점,20230314,20300101,206341.538776724,452530.018811546
6,갤러리아백화점(동관),19850708,20300101,203604.761651873,447316.222786487
7,롯데프레시앤델리 봉화산역점,20211125,20300101,208112.860200669,457113.638411288
8,롯데슈퍼 홍제2점,20120207,20300101,195281.395461663,453657.534811024
9,씨에스유통 (롯데슈퍼화곡2점),20110714,20300101,187464.403178638,447877.710664426
10,롯데슈퍼 유진점,20110701,20300101,194850.361025035,454344.432517428
11,유진상가,19700814,20300101,194811.756333333,454300.739666667
12,갤러리아백화점(서관),19850318,20300101,203470.848439305,447369.579851952
13,GS THE FRESH 동대문장안점,20230314,20300101,206341.538776724,452530.018811546
14,(주)이마트에브리데이 암사동점,20111128,20230324,,
15,동화상가,19680730,20300101,200543.754911579,451888.040346722
16,GS THE FRESH 중랑망우점,20230404,20300101,209579.542671166,455549.589368255
17,이마트에브리데이 길음점,20230418,20300101,201912.435615622,455775.861032353
18,이마트에브리데이 길음점,20230418,20300101,201912.435615622,455775.861032353
19,롯데쇼핑(주)롯데슈퍼명동점,20111006,20230420,198364.631775078,450975.950410804
20,이마트에브리데이 성내점,20191030,20230414,210694.989265395,447815.986328694
21,이마트에브리데이 명지대점,20220405,20300101,193139.52394401,453106.002592232
22,신세계백화점 강남점,20150922,20300101,200250.447804795,444683.220506107
23,GS THE FRESH 송파시그니처점,20230201,20300101,213149.522764117,443705.473072412
24,GS THE FRESH 송파하비오점,20230227,20300101,210868.397496689,442053.227933005
25,홈플러스 익스프레스 신정4점,20010301,20210928,188554.940218695,446701.745114511
26,롯데쇼핑㈜롯데슈퍼길동점,20111007,20300101,211983.181564983,448483.889140704
27,상계역전종합상가,19981231,20300101,206280.789903642,462002.498987713
28,이랜드리테일 NC구로점,20200626,20300101,189570.360930049,444336.051330144
29,롯데백화점 영등포점,19910501,20300101,191741.345847708,445970.307641467
30,롯데쇼핑(주) 롯데마트 삼양점,20110909,20300101,201494.627293774,458136.342274236
31,나진전자월드상가,20220629,20300101,196697.031086973,447931.108267379
32,지에스 더 프레시(GS THE FRESH) 관악청림점,20220325,20300101,196384.544308046,442822.980265735
33,롯데프레시 홍은점,20211220,20300101,193440.549915639,453256.425998955
34,나진산업 주식회사,19871110,20300101,196697.031086973,447931.108267379
35,GS THE FRESH 무악현대점,20220628,20300101,196467.975088253,452566.134030104
36,뚝도시장,19620125,20300101,204775.366000022,448395.587760252
37,청량리역 한양수자인 그라시엘 판매시설,20220711,20300101,203728.132135578,452778.89330743
38,경동시장,19600629,20300101,203403.019535366,452985.725419514
39,노량진 드림스퀘어,20220722,20300101,194571.152376388,445790.549860682
40,GS THE FRESH 용산이촌점,20220808,20300101,197221.439324261,446524.508385914
41,이마트에브리데이 남가좌점,20220816,20300101,192482.416512858,452143.491541077
42,GS THE FRESH 광진구의점,20220713,20300101,207400.608063491,448930.683211743
43,GS THE FRESH 압구정점,20220915,20300101,203069.441212025,447391.130408384
44,포레나당산동역세권청년주택 상업시설,20221214,20300101,190673.408906647,446684.650100157
45,롯데쇼핑(주) 롯데슈퍼공릉점,20110621,20300101,206952.444113646,457814.529614419
46,롯데백화점 노원점,20050826,20300101,205320.28476675,461419.881795004
47,누죤,19960705,20300101,201092.281213446,451637.932708365
48,GS THE FRESH 성북클라시아점,20220418,20300101,202328.542538257,456302.296413002
49,홈플러스(주)익스프레스 구의점,20111005,20200719,207400.608063491,448930.683211743
50,(주)이마트에브리데이 중곡동점,20110922,20300101,207114.498872176,451296.049443757
51,롯데쇼핑(주)롯데슈퍼 중곡점,20110922,20200430,207235.581247334,451072.124043842
52,역촌중앙시장,20220404,20220405,192534.656897366,456773.714884876
53,롯데 FRESH 아차산점,20120321,20300101,208075.543534642,449971.642025946
54,이천일아울렛 중계점,20090921,20300101,205931.05327036,459884.197207567
55,(주)이마트에브리데이 가양역점,20230127,20300101,186966.036176588,451047.287263879
56,롯데쇼핑(주)롯데슈퍼 구의점,20120321,20180319,208087.647208835,448484.131343078
57,홈플러스 익스프레스 오목교점,20221004,20300101,188565.074701959,446750.881633578
58,노브랜드 경동시장점,20180125,20300101,203403.019535366,452985.725419514
59,(주)지에스리테일 서초방배점,20161201,20220325,198970.448010517,443479.894856733
60,베라체캠퍼스 에비뉴,20131127,20300101,204881.313219146,454280.040555974
61,롯데쇼핑(주)롯데슈퍼 신월점,20120523,20300101,185164.559946017,448756.033565786
62,GS수퍼 성동옥수점,20120402,20220405,201462.251313062,448744.038108098
63,롯데슈퍼 홍제점,20211220,20221011,195196.693652181,453764.706268517
64,엔씨백화점 불광점,20070411,20300101,193661.732383169,456379.193899276
65,롯데슈퍼 쌍문점,20120315,20300101,203048.669322526,461867.647869631
66,롯데슈퍼 남가좌점,20211216,20300101,192480.02944094,452634.55767379
67,롯데슈퍼 창동점,20120318,20300101,203207.625254256,460455.837628654
68,롯데슈퍼 방학점,20120315,20300101,202326.175760253,462116.40856417
69,(주)지에스리테일 GS수퍼 목동오거리점,20110915,20220413,187670.416423662,447030.560396528
70,정릉시장상인회,20100315,20300101,200729.859590291,456347.644834894
71,토우마트마축일시장,20051111,20140410,203576.594691866,452041.559037331
72,(주)이마트 성수점,20050331,20300101,204614.272744322,448607.441251647
73,이마트에브리데이 강남시장점,20220412,20300101,201757.494098748,446282.45446652
74,GS THE FRESH 신길사러가점,20211228,20300101,192108.925858666,444944.153786024
75,이랜드리테일 당산점,20010620,20300101,191177.584475692,447965.645513185
76,(주)광희패션몰,19790525,20300101,200982.709076616,451817.384038629
77,롯데슈퍼 창천점,20211220,20300101,193624.014939084,450696.745009002
78,삼익패션타운,19851128,20300101,198091.202136386,450913.340731519
79,중부시장,19590224,20300101,200091.167605242,451433.579647276
80,디자이너크럽,19940831,20300101,201075.606676645,451683.017810123
81,선싸인,19950401,20300101,198737.553769773,451081.894647871
82,월곡시장,19690219,20080222,,
83,정릉시장,19700227,20070330,200741.814526594,456247.253686235
84,혜양엘리시움,19970224,20300101,201047.899695285,451814.35044652
85,남정종합상가,20020722,20300101,197843.820719318,450717.353642797
86,장위시장,19720704,20180712,204411.779055457,456753.488817165
87,삼선시장,19740510,20070213,200571.15381745,454098.610861527
88,코코마트,20031224,20080729,204367.347787613,456732.945005445
89,낙원상가,20190917,20300101,198838.912965902,452214.210961577
90,낙원상가,20190917,20300101,198838.912965902,452214.210961577
91,광장시장,19550705,20300101,199837.41426735,451974.128468485
92,방산종합시장,19761129,20300101,200002.952736046,451823.532462914
93,홈플러스(주)익스프레스 숭인점,20110816,20300101,201359.53353905,452395.659064842
94,동대문종합시장D동상가,20041210,20300101,200579.409754868,452035.347658612
95,에이피엠플레이스,20160307,20300101,200673.011457453,451443.279894262
96,대림시장,20071221,20300101,192661.661318718,453828.585982771
97,양지시장,19721113,20300101,,
98,(주)영풍문고,19920704,20300101,198351.818737482,451921.60302604
99,맥스타일,20101008,20300101,200863.594130764,451837.481623546
100,DDP FASHION MALL,20170323,20300101,200999.356221857,451654.418167327
101,종로세운상가,20050127,20300101,,
102,효성주얼리시티,20070704,20300101,199812.609633255,452132.648343993
103,홈플러스익스프레스 신당점,20161007,20300101,201308.536482314,451174.365486466
104,브라운스톤 창신상가,20070907,20300101,201258.062657124,452787.132831042
105,동대문종합시장,19910731,20300101,200717.7490316,452011.865092338
106,동대문종합시장 신관,20031020,20300101,200647.01325068,452054.764927519
107,동문시장,19871030,20300101,200908.398396105,452025.346454838
108,세운스퀘어,20100218,20300101,199670.979884558,452221.775006084
109,홈플러스(주)익스프레스 광화문점,20111220,20300101,197700.034013631,452022.503467072
110,광장주식회사,20030304,20300101,199837.41426735,451974.128468485
111,지에스수퍼마켓 중구만리점,20171031,20300101,,
112,센터포인트 명동,20210716,20300101,198401.701305913,451374.312212737
113,서울중앙시장,19621102,20300101,201680.067548359,451610.962163829
114,길음시장,20190529,20300101,,
115,종로1번지아케이트,20040430,20300101,197993.904628438,452032.958591394
116,영풍문고,20040430,20300101,198351.818737482,451921.60302604
117,동대문신발도매상가,20040630,20300101,,
118,신설종합시장,19710325,20300101,201727.670840565,452264.420237876
119,신설종합시장(주),19871030,20300101,201727.670840565,452264.420237876
120,종로세운상가,20050218,20300101,,
121,종로세운상가,19710906,20300101,,
122,숭인제일아케이트,19871207,20300101,,
123,광장시장주식회사,19871030,20300101,,
124,화양시장,19740701,20060123,,
125,크레타 망고 아울렛,20080305,20141126,201273.887781838,452163.292543039
126,중학아케이드,20111007,20140901,,
127,서울남대문시장,19641013,20300101,197951.150595295,450771.087810153
128,팀204,19960704,20300101,201096.681322159,451715.830447841
129,통일상가,19700129,20300101,200541.637728834,451814.45954577
130,진양상가,19711230,20300101,199571.599470393,451124.851387624
131,상제리제상가,19770623,20300101,198744.433228989,451677.065126229
132,(주)에리어식스,19801016,20300101,200989.686611204,451762.261508835
133,우일타운,20090908,20300101,201390.623455546,451682.924382048
134,대림상가,19720918,20300101,199534.329650967,451608.222852119
135,진관시장,19681014,20300101,,
136,아트프라자,19900604,20300101,201070.979414952,451874.637536958
137,남산타운5상가,20000707,20300101,200984.713668049,449703.239755874
138,올레오,20061023,20300101,201040.352596045,451852.142613352
139,남산타운2상가,20000707,20300101,200984.713668049,449703.239755874
140,현대시티타워,19960831,20300101,,
141,하이해리엇,20060317,20300101,198636.2503948,451005.721641592
142,통일상가,19700129,20300101,200613.510297669,451817.515366883
143,제일평화시장,19811027,20300101,200938.52813687,451798.00308625
144,롯데아울렛 서울역점,20121227,20300101,197230.206089772,450446.684395506
145,롯데아울렛 서울역점,19990901,20300101,197364.626754215,450397.369597089
146,(주)지에스리테일 남산타운점,20140110,20300101,200984.713668049,449703.239755874
147,밀리오레,19980811,20300101,200664.582936542,451781.8683954
148,굳앤굳 디자이너월드,19761102,20300101,198079.694295498,450952.174489406
149,숭례문상가,19801220,20300101,197831.002724157,450794.31483169
150,메트로,20020409,20300101,192998.202204135,457479.99522553
151,호텔롯데아케이드,19781222,20300101,198259.65357739,451392.198218657
152,에이피엠패션몰,20020612,20300101,201031.479363871,451759.262402974
153,청계상가,20191017,20300101,199521.200809167,451751.424132583
154,헬로우에이피엠,20020722,20300101,200649.776732085,451689.785216541
155,롯데패션몰,20120831,20300101,200548.038848161,451497.626572161
156,청평화시장,19830603,20300101,201250.876993355,451908.773811626
157,디오트,20060414,20300101,201236.031514508,451872.409388295
158,주식회사 이마트 청계천점,20080626,20300101,201823.908977364,452076.818664092
159,베네치아메가몰,20080718,20300101,201823.908977364,452076.818664092
160,엠플라자(M plaza),20080827,20300101,198619.38819773,451135.740279961
161,굿모닝시티 쇼핑몰,20080916,20300101,200573.641273539,451621.036467544
162,평화시장,19620223,20300101,200644.673810142,451908.700024524
163,눈스퀘어,20020115,20300101,198418.741655644,451237.168596152
164,라모도 쇼핑몰,20060607,20300101,200673.011457453,451443.279894262
165,에쉐르아이시네마쇼핑몰,20050929,20300101,,
166,합동시장,19710518,20150827,197037.368787577,450812.939747734
167,(주)심풍유통,19851109,20150827,200247.445072989,451352.512042888
168,케레스타,19960831,20150827,198421.647678142,451369.545909652
169,대한통운마트,19970822,20150827,,
170,신세계 이마트 청계천점,20080704,20150827,202011.800096,452413.412894
171,아바타,20020201,20150827,198418.741655644,451237.168596152
172,서소문화훼종합물류센터,20020201,20150827,197263.068324911,450957.847180654
173,호텔신라아케이트,20020328,20150827,200632.985507216,450610.61087631
174,메사,20060807,20150827,198129.435542814,450900.239718295
175,밀리오레명동,20000530,20300101,198562.632745775,450975.116406048
176,라모도쇼핑몰,20060607,20300101,200673.011457453,451443.279894262
177,서중시장,19871024,20300101,192517.640245956,452143.491541077
178,패션몰 유어스,20060421,20300101,200999.356221857,451654.418167327
179,아이파크몰(I PARK MALL),20040921,20300101,196762.077394917,447480.039577359
180,롯데슈퍼 한남점(가맹점),20120323,20300101,200431.145594386,447763.414163072
181,국제센터아케이드,19850701,20300101,197646.514005514,447909.070650149
182,(주)전자타운,19930413,20300101,196775.639878418,447984.6345458
183,LS Avenue,20041222,20300101,197099.381481836,447328.548832245
184,보광시장,19750701,20300101,199955.429742269,447219.161582186
185,만리시장,19681109,20300101,196716.165873094,449892.557718372
186,삼구시장,19871127,20300101,,
187,해밀톤 쇼핑몰,19870213,20300101,199363.595799729,448050.926289223
188,(주)에스와이에스홀딩스,19871031,20300101,196370.746398773,447841.698787531
189,삼익아파트상가,20080620,20300101,205020.608686581,456783.766604012
190,원효전자상가,19880623,20300101,196385.232032928,447938.19246116
191,신동아 쇼핑센터,19851112,20300101,198622.89264988,446114.155238838
192,전자타운,19930413,20300101,196775.639878418,447984.6345458
193,이태원시장,19600217,20300101,199051.158829761,447953.601666521
194,(주)서부티엔디,20200813,20300101,196605.511573689,447841.270074498
195,(주)농협유통하나로클럽용산점,20120313,20300101,196813.258497258,447881.970772064
196,롯데마켓999 용산파크자이가맹점,20140805,20180612,197514.145785647,448264.322314594
197,한강상가,19701130,20120802,197450.277644237,446437.197878548
198,터미널전자상가,20010524,20131220,196610.663839509,447742.348636253
199,삼성테마트,20010804,20140402,195547.140326252,447976.775939762
200,파크에비뉴 엔터식스 한양대점,20141209,20300101,203523.0,450411.0
201,성동용답상가시장,20110705,20300101,204566.046414287,451260.933119786
202,동아코아,20050720,20300101,211055.486155787,448786.697371515
203,아이파크(I PARK)백화점,20060825,20300101,196762.077394917,447480.039577359
204,롯데쇼핑(주) 롯데마트 서초점,20150203,20300101,200438.992861987,443124.594422616
205,롯데쇼핑(주)롯데슈퍼 우장산점,20120329,20300101,185431.066605778,449714.813765198
206,롯데쇼핑(주)롯데슈퍼 방화점,20120329,20300101,184102.782470646,452097.370050563
207,롯데백화점(강남점),20000616,20300101,204669.543366778,443873.621189048
208,선인상가,19871126,20300101,196839.641743356,447863.232025192
209,신동아쇼핑센터,19851112,20300101,198622.89264988,446114.155238838
210,홈플러스(주) 익스프레스 왕십리점,20120214,20300101,202806.018487131,451160.356013436
211,금남시장,19620121,20300101,201939.255278432,449589.21383235
212,자동차매매센타,19800905,20300101,205784.868811814,450883.524006222
213,서울풍물시장,20080806,20300101,202186.468072494,452282.607415166
214,홈플러스(주)익스프레스 뚝섬점,20120322,20230327,204257.584861091,449412.544118545
215,한남하이츠상가,19821016,20300101,201181.598996876,448609.588125745
216,대림리빙프라자,19980803,20300101,202326.503044305,450625.58422744
217,한진종합상가,20000331,20300101,202511.142930696,450401.303715561
218,(주)인트램,19681207,20300101,204830.977323063,449477.448459906
219,마장축산물시장,20060320,20300101,203323.787758273,451940.205444395
220,성동삼성쉐르빌상가,20070323,20300101,203017.021457357,451346.281102634
221,(주)이마트 왕십리점,20080627,20300101,203292.151898869,451267.730901002
222,ENTER-6,20080828,20300101,203321.562330114,451001.868687869
223,홈플러스(주) 익프스레스 금호2점,20120224,20300101,201383.023709556,449744.280482389
224,홈플러스(주) 익스프레스 금호점,20120321,20300101,201772.807083568,450250.366445197
225,노브랜드 엔터식스한양대점,20180228,20300101,203477.905432913,450542.454417279
226,녹번시장,19661207,20170404,193792.984914301,455370.61376951
227,홈플러스익스프레스 뚝섬2점,20130219,20300101,203841.225547969,449475.540141228
228,롯데쇼핑(주) 롯데슈퍼 장안점,20110907,20300101,206176.178625746,453248.09724644
229,롯데쇼핑(주) 롯데슈퍼 전농점,20110907,20300101,205271.704936121,452706.897879436
230,이천일 아울렛 구로점,20051117,20300101,187785.840457798,443997.135869884
231,롯데쇼핑(주)롯데마트 청량리점,20100811,20300101,204081.282117393,453187.395154017
232,홈플러스(주)익스프레스 성수점,20111004,20120504,204271.515183693,448744.245842924
233,금북시장,19690109,20151130,202004.452300224,450411.463616996
234,금호종합시장,19790810,20080522,201924.287403479,449505.43323776
235,용답동상가번영회,20060824,20110705,204566.046414287,451260.933119786
236,성동마트,20010913,20300101,205260.827743854,448399.948660115
237,노룬산시장,19701223,20300101,205663.081069121,448250.363358949
238,조양시장,19710501,20300101,205886.288968009,448517.338628068
239,중곡제일시장,19710508,20300101,207114.498872176,451296.049443757
240,파크에비뉴,20080903,20300101,206212.244268239,449577.174890763
241,신성종합시장,19770131,20300101,207747.893953282,450639.201015458
242,자양종합시장,19790716,20300101,206686.364451141,447752.463189936
243,테크노-마트21,19980323,20300101,208394.416382167,448165.279999905
244,홈플러스(주)익스프레스 중곡점,20120306,20300101,207001.872308692,450597.61492646
245,홈플러스익스프레스 중곡2점,20111005,20300101,207778.116493941,450250.255643789
246,구의 자이르네 판매시설,20210608,20300101,,
247,(주)지에스리테일GS수퍼 광진화양점,20111004,20300101,206107.775163579,449029.342177779
248,프라젠 스파,20060228,20300101,207368.624495222,447632.296040333
249,(주)이마트 자양점,20061214,20300101,206349.675048285,448396.939704285
250,커먼그라운드,20150403,20300101,205758.816662193,448768.161400623
251,한아름시장,19800407,20300101,206107.775163579,449029.342177779
252,광성시장,19800618,20300101,207098.994772766,451260.44574067
253,동서울터미널상가,19890823,20300101,208201.993320839,447967.299542306
254,현대종합상가,19901117,20300101,208644.819209521,448711.725750126
255,구의현대종합상가,19921105,20300101,208403.746065593,448490.239179557
256,프라임프라자상가,19970130,20300101,208558.286631653,448353.905156369
257,구의시장,19740209,20210127,207754.575203142,449270.23146706
258,워커힐상가,19790709,20111229,209345.941766315,449811.718207794
259,홈플러스(주) 동대문점,20031023,20300101,203356.957362754,452469.300221465
260,홈플러스익스프레스 구의2점,20120329,20300101,208261.748825555,448701.658478751
261,장안위더스빌,20110315,20300101,205423.969491537,451556.210578255
262,(주)이마트에브리데이 이문점,20210826,20300101,205396.363734301,455131.683241064
263,불로장생타워,20070509,20300101,203155.504921512,452914.607542858
264,건강백화점 동의보감,20060424,20300101,203258.377206168,452834.064124525
265,대규모점포 개설등록,20090320,20300101,205396.363734301,455131.683241064
266,전곡시장,19750905,20300101,205987.345607556,452845.284277717
267,이경시장,19740711,20300101,204881.313219146,454280.040555974
268,이문제일시장,19720712,20300101,205396.363734301,455131.683241064
269,한솔동의보감,20040722,20300101,203075.098504907,452918.836458244
270,(주)형지쇼핑 아트몰링 장안점,20050429,20300101,206325.349431713,452184.2101607
271,용두시장,19771226,20300101,202538.011840845,452901.185283908
272,동서시장,19721012,20300101,203597.856176904,453055.908738418
273,청량리현대코아,19480921,20300101,203851.375424856,453238.594217594
274,전농프라자,19781228,20300101,204082.111844228,452472.990548179
275,전농로타리시장,19740402,20300101,204970.90163598,452852.821037366
276,동부시장,19710311,20300101,205006.074911385,451814.33240199
277,이문동웰츠타워,20090320,20300101,205396.363734301,455131.683241064
278,홈플러스 익스프레스 서울회기점,20140925,20300101,204605.383860203,454565.9406212
279,서울특별시장,20161230,20300101,202186.468072494,452282.607415166
280,(주)이마트에브리데이 답십리점,20110926,20300101,204638.486386691,451699.765836365
281,노브랜드 동대문 장안점,20111228,20300101,205423.969491537,451556.210578255
282,기타대규모점포,20040209,20300101,,
283,쉐르빌쇼핑타운,20021022,20070102,206101.9138443,452155.691148899
284,(주)미도파마트,20021112,20030401,203075.098504907,452918.836458244
285,동부청과(주),20070205,20211101,203728.132135578,452778.89330743
286,장안시장,19710313,20071128,,
287,휘경시장,19740710,20080114,204881.313219146,454280.040555974
288,이문종합상가,19620312,20060302,205396.363734301,455131.683241064
289,답십리시장,19611023,20010205,205033.874040234,452322.301296488
290,미도파마트,19990126,20030401,203075.098504907,452918.836458244
291,휘경시장,20040908,20080114,204890.735006949,454315.0261032
292,주-이문종합상가,20041122,20050302,205396.363734301,455131.683241064
293,주-이문종합상가,20041122,20050302,205396.363734301,455131.683241064
294,롯데쇼핑(주) 롯데슈퍼 장안2동점,20120507,20141231,206325.349431713,452184.2101607
295,그랜드패션아울렛,19950501,20300101,186786.622461585,450297.70265223
296,롯데쇼핑(주) 롯데슈퍼 장안 2동점,20130814,20141231,206325.349431713,452184.2101607
297,롯데백화점 청량리플라자,19790913,20171227,203996.013917877,453058.665828669
298,제기시장,19630131,20150724,203009.188734992,453776.829188234
299,답십리중앙시장,19720901,20010502,205006.074911385,451814.33240199
300,홈플러스(주) 익스프레스 이문점,20110926,20140828,205403.77766039,455220.257356121
301,건강백화점 동의보감,20060424,20300101,203258.377206168,452834.064124525
302,바우하우스,20050429,20300101,206325.349431713,452184.2101607
303,트레지오,20070517,20300101,,
304,동성타워프라자,20010328,20300101,208520.092335397,456195.877460936
305,태능엔터피아 번영회,19750909,20300101,206771.217305763,455221.989517331
306,동원,19711210,20300101,207869.605609192,454173.313439431
307,홈플러스(주) 익스프레스 태릉점,20110704,20300101,206771.217305763,455221.989517331
308,홈플러스(주)익스프레스 면목점,20110809,20300101,207708.364765906,453525.741161528
309,홈플러스(주)익스프레스 망우점,20110809,20300101,208781.999418607,454740.62692431
310,(주)이마트에브리데이 면목동점,20120106,20300101,207553.170404939,453031.11581883
311,홈플러스 신내점,20060828,20300101,208208.786684767,457054.793655589
312,홈플러스(주)면목점,20061026,20300101,207089.21659098,453074.476763597
313,주식회사 이마트 상봉점,20000503,20300101,208183.558935157,454911.24852306
314,주식회사 이마트 묵동점,20100721,20300101,206777.731391054,456837.219624564
315,이노시티,20131128,20300101,208091.269167,455421.826575
316,홈플러스(주) 서울 상봉점,20101229,20300101,207923.745922676,455090.718335439
317,코스트코홀세일 상봉점,20010418,20300101,207897.260402153,454953.363448013
318,한남프라자,19950823,20121108,207590.031147049,454599.632823069
319,롯데쇼핑(주)롯데슈퍼 상봉점,20111007,20210331,206740.95977172,454517.575326381
320,신세계 이마트 묵동점,20100721,20300101,206777.731391054,456837.219624564
321,동소문스카이상가,20190524,20300101,200841.726990037,454721.505180141
322,길음시장,20190613,20300101,,
323,홈플러스익스프레스 보문점,20120521,20300101,201826.002331378,453162.376311852
324,홈플러스익스프레스 길음점,20120521,20300101,201592.991324089,456382.966061703
325,석관시장,20120601,20300101,205254.262597746,456319.556671704
326,보문시장(주),20120706,20300101,201858.488345,453868.720308
327,석관황금시장,20120806,20300101,205365.358044271,456371.165010395
328,동소문스카이상가,20121016,20300101,200841.726990037,454721.505180141
329,장위전통시장,20130114,20300101,204407.250844173,456638.194541249
330,이마트 미아점,20080529,20300101,202555.30089577,456503.066230481
331,이마트 하월곡점,20120224,20300101,202667.468802014,455858.920803881
332,(주)지에스리테일 성북보문점,20170426,20300101,201509.0,453158.0
333,보문시장,19611204,20300101,,
334,미아시장,19990225,20300101,,
335,석관시장,19990121,20300101,,
336,새석관시장,19710522,20300101,204582.680269555,456210.836257791
337,번동시장,19720930,20300101,204162.777672643,457664.961911112
338,길음시장,19880811,20300101,,
339,동소문스카이프라자,19951116,20300101,,
340,현대백화점 미아점,20010811,20300101,202466.801104742,456227.571665528
341,길음시장,20030210,20300101,201852.588541848,455598.947533777
342,신세계이마트미아점,20080529,20300101,202555.30089577,456503.066230481
343,이마트 미아점,20040922,20300101,202555.30089577,456508.495239726
344,종암우림카이저팰리스주상복합,20081027,20300101,202887.736215434,455516.20316339
345,이마트 미아점,20100428,20300101,202555.30089577,456503.066230481
346,홈플러스 월곡점,20100519,20300101,203502.004139568,455500.568972657
347,이마트 하월곡점,20100630,20300101,202667.468802014,455858.920803881
348,GS슈퍼마켓 동소문점,20110902,20300101,200841.726990037,454873.825379802
349,GS슈퍼마켓 돈암점,20110902,20300101,201501.474496909,455061.698603977
350,GS슈퍼마켓 길음뉴타운점,20120412,20300101,201514.982796105,456137.084315817
351,GS수퍼마켓 길음점,20120412,20300101,201517.385329678,456504.561867278
352,롯데슈퍼하월곡점,20120420,20300101,203353.798850162,455765.417145198
353,유타쇼핑몰,20120425,20300101,201447.418693099,454477.103343093
354,홈플러스익스프레스 삼선점,20120514,20300101,200509.660547343,453950.640893998
355,돈암시장,20090907,20300101,201336.750500414,454358.426908509
356,장위전통시장상인회,20140117,20300101,204407.250844173,456638.194541249
357,코코마트,19980522,20300101,204367.347787613,456732.945005445
358,코코마트,19940429,20300101,204367.347787613,456732.945005445
359,신세계백화점 미아점,19880514,20300101,202555.30089577,456503.066230481
360,길음시장,20030210,20300101,201876.521665604,455664.635302013
361,롯데마이슈퍼 길음점,20120521,20220223,201706.214048,456753.565643
362,장석시장,19680814,20080422,205020.608686581,456783.766604012
363,종암시장,19611224,20081006,,
364,돈암시장,19991207,20080107,,
365,롯데마이슈퍼 동소문점,20170427,20220223,201358.893989884,454439.085102224
366,수유시장,19661219,20300101,201956.180985499,458714.365820521
367,수유중앙시장,19711118,20300101,201812.904685238,459775.992830125
368,동북프라자,19750211,20300101,201589.777957863,457545.100871485
369,(주)농협유통 미아점,20120322,20300101,202266.448738483,457691.802407444
370,홈플러스(주)익스프레스미아점,20120322,20300101,202344.117949112,457986.172253906
371,북부시장,19710719,20300101,202608.934103734,459320.030764534
372,동북시장,19750211,20300101,201589.777957863,457545.100871485
373,우이시장,19620821,20300101,201692.868936629,460402.065518179
374,연이스퀘어,20141224,20300101,202615.0,456822.0
375,수유프라자,19980625,20300101,202000.513660624,458815.97773382
376,수유프라자,20031209,20300101,202000.513660624,458815.97773382
377,숭인시장,20030425,20300101,202558.581755334,456709.916330722
378,강북종합시장,20070713,20300101,202197.096261719,459964.530646857
379,수유북부시장,20080710,20300101,201354.553491054,459317.583083716
380,트레지오,20090910,20300101,202642.446045912,456636.308192293
381,강북종합시장,20110103,20300101,202197.096261719,459964.530646857
382,강북 북부시장,20110124,20300101,202608.934103734,459320.030764534
383,(주)지에스리테일GS수퍼 강북미아점,20110823,20300101,201602.577531291,457290.100695375
384,(주)이마트에브리데이 미아동점,20111202,20300101,202314.47965444,457821.853133872
385,수유프라자,19981012,20300101,202000.513660624,458815.97773382
386,강북종합시장,20030805,20300101,,
387,롯데쇼핑(주)롯데슈퍼미아점,20120320,20190227,201760.433753367,456845.373829971
388,강북종합시장,20130220,20200522,202168.158127118,459990.614346147
389,성북프라자,20090922,20141222,202266.448738483,457691.802407444
390,(주)지에스리테일번동점,20110823,20161130,202888.313576922,459197.373185929
391,롯데쇼핑(주)롯데슈퍼수유점,20110916,20220115,201956.180985499,458714.365820521
392,롯데쇼핑(주)롯데슈퍼삼양점,20110916,20200704,201731.684416461,457219.335594234
393,금강아미움쇼핑센터,20190328,20300101,203296.164641727,462113.860476609
394,(주)이마트에브리데이 창동점,20120326,20300101,203027.627111443,460124.418353378
395,롯데백화점 미아점,20061214,20300101,202625.646264572,456875.973976242
396,신동아프라자,19890804,20300101,202326.175760253,462116.40856417
397,도봉한신쇼핑상가,20030203,20300101,204169.847670316,464814.717432497
398,대우상가,19951129,20300101,203242.968498731,460001.081136921
399,도봉한양프라자,20101130,20300101,204136.58447783,463573.102150294
400,GS THE FRESH 방학신동아점,20210302,20300101,202338.53055755,461983.524000809
401,(주)에브리데이리테일 창동점,20120105,20300101,203027.627111443,460124.418353378
402,개봉중앙시장,19760806,20300101,,
403,홈플러스(주)방학점,20030625,20300101,203790.013568785,462495.417040876
404,삼익쇼핑,20060904,20300101,203220.921406024,459746.924430501
405,(주) 이마트 창동점,20100402,20300101,204107.090272108,461072.642448925
406,모래내시장(주),19871024,20300101,192503.128282531,452051.272452155
407,(주)에브리데이리테일 창동점,20110926,20300101,203027.627111443,460124.418353378
408,그랜드백화점(주)마트화곡점,20040503,20300101,186786.622461585,450297.70265223
409,롯데슈퍼 쌍문4동 가맹점,20120326,20191111,202472.188994485,460959.462860458
410,롯데쇼핑(주)VIC마켓도봉점,20020620,20201130,203920.444016775,462830.484935873
411,(주)이마트에브리데이 상계역점,20220318,20300101,206616.300077726,461867.94710054
412,홈플러스(주)익스프레스 공릉점,20120326,20300101,206222.082661025,458423.440177534
413,(주)지에스리테일 GS슈퍼 노원월계점,20111229,20300101,205984.15211292,457275.799282625
414,(주)이마트에브리데이 공릉동점,20111229,20300101,207311.175792021,457610.711998051
415,세이브존,20070806,20300101,206044.776421388,459360.877718439
416,홈플러스(주) 중계점,20011207,20300101,205985.953324881,459730.43776924
417,오피앙,20040226,20300101,204772.500639238,464208.305428933
418,이마트타운 월계점,20040906,20300101,205391.070378059,458333.989216339
419,롯데마트 중계점,20041213,20300101,206132.432496938,460549.311157153
420,와우패션클럽,20051202,20300101,205557.013355638,461441.687971047
421,건영옴니백화점,20070419,20300101,205645.891969072,459609.012509743
422,노원아이파크 상가,20100709,20300101,206033.023278317,461935.33920381
423,(주)지에스리테일 GS수퍼상계점,20110621,20300101,205715.538939251,462416.211580109
424,유경데파트,19960918,20300101,206719.586259379,460669.836412326
425,홈플러스익스프레스 용강점,20111206,20300101,194695.797060075,448818.967990515
426,공릉종합상가,19971120,20300101,206578.976039388,457736.364674901
427,홈플러스(주)익스프레스 중계점,20040601,20300101,206490.247358174,460830.615360327
428,롯데백화점 상계점,19991229,20300101,205320.28476675,461419.881795004
429,세이브존,20021114,20300101,205994.811815848,459502.645279682
430,신세계 이마트 월계덤,20050329,20300101,205391.070378059,458333.989216339
431,신세계 이마트 월계점,20050329,20300101,205391.070378059,458333.989216339
432,세이브존,20050527,20300101,205994.811815848,459502.645279682
433,상계중앙시장,19721207,20300101,,
434,(주)지에스리테일  공릉점,20040102,20160331,207577.515810212,457741.465197875
435,(주)지에스리테일 GS수퍼상계중앙점,20110621,20110719,206033.023278317,461935.33920381
436,수일시장,19600216,20300101,,
437,팜스퀘어,20050901,20300101,193661.732383169,456379.193899276
438,대림시장,20071221,20300101,192661.661318718,453828.585982771
439,개봉제일시장,19761228,20300101,,
440,연서시장,19750304,20300101,193042.519283201,457459.367971725
441,롯데쇼핑(주)롯데슈퍼범서점,20110916,20300101,193035.279146132,457365.911737494
442,응암시장,19700912,20300101,192738.381117433,454678.898500315
443,대호프라자상가,19701224,20300101,194002.701726955,456937.542510222
444,불광미성상가,19881123,20300101,193600.888431741,456957.233580498
445,홈플러스(주)익스프레스 신사점,20120206,20300101,192012.208564616,455177.704494531
446,홈플러스 익스프레스 갈현점,20120323,20300101,191953.940215578,456960.687756827
447,범서쇼핑,19910418,20300101,193035.279146132,457365.911737494
448,현대화유통기업(주),19840806,20300101,,
449,(주)미소종합유통,19950920,20300101,,
450,서부종합시장,19710923,20091026,192773.974598512,455630.884111772
451,(주)이마트 수색점,20090928,20300101,190977.850603548,453037.787995874
452,(주)이마트 은평점,20011031,20300101,192882.837727443,455340.54056388
453,홈플러스(주)익스프레스구산점,20110725,20300101,192563.874496397,456570.084566278
454,홈플러스(주)익스프레스응암점,20110811,20300101,192674.132684249,454664.166810326
455,홈플러스(주)익스프레스 불광점,20111219,20300101,194003.88391829,457260.736492005
456,증산시장,20030722,20300101,191545.050373675,453244.229758597
457,대림시장,19790605,20300101,,
458,신세계이마트 은평점,20011101,20300101,192882.837727443,455340.54056388
459,신세계이마트 은평점,20011101,20300101,192882.837727443,455340.54056388
460,"불광시장(법인, 대표자, 관리자변경)",20050715,20300101,,
461,갈현시장,19650531,20180417,192640.073875,457921.155872
462,(주)이마트 에브리데이 불광동점,20110920,20121004,193936.125681025,456673.805557751
463,롯데쇼핑(주)롯데슈퍼갈현점,20110916,20170630,192809.366974137,457275.285596868
464,롯데쇼핑(주)롯데슈퍼연신내점,20110916,20160928,192859.341264055,457545.793599332
465,홈플러스(주) 익스프레스 역촌점,20120321,20210121,192920.728012559,456218.215950436
466,대조시장,19630527,20300101,,
467,불광시장(주),19700123,20300101,,
468,롯데몰 은평,20160427,20300101,192655.756373115,459477.20943887
469,서부종합시장,20091105,20300101,192773.974598512,455630.884111772
470,현대백화점 신촌점,19921119,20300101,194265.067639805,450433.691021245
471,신촌 밀리오레,20060919,20300101,194798.458435966,450837.051726331
472,예스에이피엠,20070809,20300101,195063.820722531,450597.874088644
473,연희슈퍼마켓,19990429,20300101,193716.339877929,451653.563671802
474,(주)GS리테일 북가좌점,20120326,20300101,192000.945942229,452848.009128439
475,삼성테스코(주)홈플러스강서점,20060210,20300101,187119.948165892,450691.593173724
476,GS THE FRESH 신촌숲아이파크점,20190724,20300101,194158.70131685,449853.982367014
477,이마트에브리데이 홍은점,20210729,20300101,195280.710219904,455193.014698844
478,GS THE FRESH 남가좌디엠씨점,20210716,20300101,192728.938667675,452585.54164581
479,롯데슈퍼 유진점(X),20180412,20300101,194850.361025035,454344.432517428
480,홈플러스(주) 익스프레스 북가좌점,20130616,20300101,192301.135452392,453354.065487403
481,GS THE FRESH 마포염리점,20210422,20300101,195243.086998177,450223.927419359
482,홈플러스익스프레스 연남점,20120417,20300101,192899.605749281,451360.660991625
483,스타피카소 아울렛,20080331,20300101,193282.130799848,450549.280167182
484,마포시장,19770715,20300101,195804.563731799,449216.311329217
485,진솔물산,19970630,20300101,202557.007830645,443648.622539856
486,롯데슈퍼 마포점,20120322,20300101,193981.312705953,449301.692398118
487,AK PLAZA 홍대,20180814,20300101,193285.549735897,450808.571641119
488,(주)이마트 마포점,20101223,20300101,195878.741538,449214.253265
489,(주)이마트 마포점,20101223,20300101,195808.904523588,448910.741283532
490,홈플러스 합정점,20110106,20300101,192414.026879919,450075.489802
491,동진시장,19740605,20300101,193456.606360958,451125.467333415
492,홈플러스(주)월드컵점,20030521,20300101,191010.381048042,451972.154018501
493,공덕시장,19740414,20300101,195810.079475465,449173.775965909
494,합정시장,19700729,20300101,192257.393762526,449554.484192321
495,정도진흥기업(주),19940510,20300101,194273.598098938,450318.724130121
496,성산시장,19740528,20300101,,
497,영진시장,19720622,20300101,192214.380853693,450136.910982644
498,신수시장,19720913,20300101,194236.734674521,449243.162717684
499,성산프라자(마포영화블렌하임),20091112,20300101,191651.529315787,450694.803472189
500,YZ Park 홍대점,20110729,20300101,193296.791432042,450562.931242819
501,홈플러스익스프레스 도화점,20111212,20300101,195669.217619713,448393.658663222
502,서교시장,19720719,20300101,193009.20810189,450142.186927747
503,마포농수산물시장,19980718,20300101,190931.000875925,451427.722144609
504,마포종합시장(서강한화오벨리스크),20070507,20300101,193905.437192262,449372.496499689
505,마포농수산물시장,20050224,20300101,190931.000875925,451427.722144609
506,마포트라팰리스 아케이드,20060516,20151118,195266.07314617,448799.641804029
507,염리시장,19760116,20151228,195236.100682981,449819.816379696
508,신촌상가,19710520,20190215,194158.369649874,450273.194140715
509,롯데슈퍼 신촌점,20090618,20220119,194219.19139038,450346.609802096
510,홈플러스익스프레스 망원점,20111213,20140107,192018.039124439,450449.030804033
511,신교시장,20051007,20150416,192577.990805265,450569.670545853
512,홍대복합역사 상업시설,20180813,20300101,193565.900355472,450545.668460987
513,롯데프레시 신정점,20120523,20300101,186071.979697827,445297.986765501
514,(주)이마트 신월점,20120531,20300101,184796.999053109,448625.389554748
515,홈플러스(주)익스프레스 신정점,20110630,20300101,186934.14769332,446336.680481997
516,(주)이마트에브리데이 목동점,20120531,20300101,188580.483661607,447750.845210817
517,목동시장아울렛,19810923,20300101,188117.351835882,448552.989897945
518,우성상가시장,19880919,20300101,185221.95790954,446727.354964214
519,현대백화점목동점,20020809,20300101,188884.075622342,447186.888604306
520,행복한백화점,20040604,20300101,188977.171050288,447466.355031447
521,신정동세양청마루2차상가,20081016,20300101,187954.189632117,445124.131588947
522,홈플러스(주)목동점,20081103,20300101,188729.190478822,447572.610039376
523,(주)지에스리테일 신정2점,20110915,20300101,187954.189632117,445124.131588947
524,홈플러스(주)익스프레스 목동2점,20110915,20300101,187788.82257199,449204.635182585
525,홈플러스(주)익스프레스 신정3점,20120410,20300101,187619.993071747,445879.054862903
526,신한이모르젠상가,19760616,20300101,187955.121454906,449649.016215774
527,목2동시장상인회,20070129,20300101,188635.230900983,449396.806374349
528,목4동시장상인회,20050504,20300101,,
529,경창시장상인회,20050504,20300101,,
530,목3동시장상인회,20060906,20300101,,
531,신영시장상인회,20060607,20300101,,
532,(주)이마트 목동점,20110520,20300101,188551.299139509,447076.288051741
533,신세계이마트(공항점),20030123,20300101,,
534,목동에버하임,20200526,20300101,,
535,(주)이마트에브리데이 목동역점,20210826,20300101,187929.395106977,446964.609090888
536,신한이모르젠상가,20060328,20300101,187955.121454906,449649.016215774
537,(주)이마트SSG목동점,20150422,20180131,189062.0,446850.0
538,롯데쇼핑(주)롯데슈퍼 신목동점,20120523,20131014,187523.574256064,446408.633352149
539,롯데쇼핑(주)롯데슈퍼목동점,20110915,20200930,187889.318611598,447351.606624409
540,롯데쇼핑(주)롯데슈퍼신정점,20110915,20141130,187769.95711697,447053.907321165
541,(주)이랜드리테일,20061101,20081031,188729.190478822,447572.610039376
542,신세계 이마트 목동점,20090323,20110519,,
543,(주)신세계이마트 목동점,20100405,20110519,188551.299139509,447076.288051741
544,목동에버하임,20200529,20300101,,
545,노브랜드 강서가양점,20170330,20300101,186374.463682775,451431.251130887
546,이마트에브리데이 마곡점,20170617,20300101,184498.0,451786.0
547,롯데쇼핑㈜ 마켓999 양천향교역가맹점,20170814,20300101,185798.0,451778.0
548,㈜이마트에브리데이 양천향교역점,20171011,20300101,186080.902016621,451971.178722228
549,노브랜드 강서마곡점,20180730,20300101,184386.0,451226.0
550,(주)이마트에브리데이 화곡동점,20120312,20300101,186456.187657133,449645.45192818
551,롯데쇼핑(주)롯데슈퍼화곡3동점,20111005,20300101,185731.051239902,448913.76093431
552,(주)공항시장,20040219,20300101,,
553,홈플러스(주) 익스프레스 화곡점,20110701,20300101,185681.122656637,448813.441620263
554,(주)공항시장,19700820,20300101,,
555,홈플러스(주) 강서점,20050826,20300101,187119.948165892,450691.593173724
556,(주)이마트 가양점,19991228,20220927,187761.194273879,450640.214509068
557,삼정프라자,20050907,20300101,183315.556652953,452204.165533971
558,강서 뉴타워,20130617,20300101,185384.322720871,448552.124723353
559,(주)지에스리테일 염창점,20150323,20300101,188680.48304204,449829.694259357
560,홈플러스(주) 가양점,20081031,20300101,186687.131804431,451342.773451086
561,송화시장,20090305,20300101,185431.066605778,449714.813765198
562,스페이스프라자,20060519,20300101,188692.033242329,449699.83258499
563,홈플러스익스프레스 화곡2점,20120410,20300101,186614.431263557,449481.253638067
564,화곡중앙시장,19871030,20221004,185745.73257287,448140.292711073
565,방신종합시장 재건축조합,20020801,20300101,183315.556652953,452204.165533971
566,(주)이랜드리테일홈에버가양점,20001006,20300101,186687.131804431,451342.773451086
567,롯데쇼핑(주)롯데슈퍼 염창2점,20120329,20211112,188320.272052969,449937.289956105
568,(주)에브리데이리테일 발산동점,20120312,20120730,185508.995216,450225.175796
569,GS수퍼마켓 강서방화점,20110819,20120727,183124.298223484,451762.949220308
570,롯데쇼핑(주)롯데슈퍼 염창점,20120329,20140822,188564.428051183,450381.673344615
571,그랜드백화점(주)마트강서점,19991216,20120201,185732.424363656,450884.528795882
572,테크노스카이시티,20030403,20160401,182735.786874703,451591.610813727
573,대지종합유통물류시장,20021025,20180201,185994.964119824,451596.45849391
574,(주)이마트 공항점,20030123,20141016,182141.205465089,451078.47991
575,아름다운아울렛,20100415,20181226,186966.036176588,451047.287263879
576,개봉프라자,19930527,20300101,,
577,라이프공구종합상가,19940330,20300101,,
578,고척시장,19711019,20300101,,
579,배영설비(주),19720121,20300101,,
580,고척산업용품상가,19861101,20300101,187619.596959162,444186.923109714
581,사모아종합상가,19890320,20300101,189052.101789082,443748.279289935
582,서울구로기계공구상가,19960627,20300101,,
583,공구상가일번지,19980114,20300101,,
584,일이삼전자타운,19981126,20300101,187826.698183821,443925.52468616
585,삼익쇼핑센타,19861210,20300101,186015.738369848,443657.614265375
586,(주)이마트 여의도점,20110523,20300101,193393.096553574,446218.443828439
587,중앙유통단지,19980512,20300101,188840.515865617,444306.771104527
588,홈플러스(주) 신도림점,20070813,20300101,190005.132500398,445250.538868558
589,서울구로기계공구상가,19960627,20300101,189277.761702183,444671.551731639
590,라이프공구상가,19940330,20300101,188907.966108621,444898.367647601
591,고척산업용품상가,19861101,20300101,187619.596959162,444186.923109714
592,개봉프라자,19930527,20300101,186769.616926353,444433.221606826
593,고척스카이프라자,19711019,20300101,187798.86926511,444629.704821749
594,개봉제일시장,19761228,20300101,186968.288544829,442651.907780511
595,(주) 이마트 신도림점,20070927,20300101,190232.524534335,444978.682746138
596,나인스에비뉴,20071108,20300101,189682.799434964,444193.860003095
597,사모아종합상가,19890320,20300101,189052.101789082,443748.279289935
598,신도림 테크노마트,20071119,20300101,190232.524534335,444978.682746138
599,가야쇼핑,19751226,20300101,193750.825947451,442753.219280937
600,(주)이마트 구로점,19990727,20300101,190901.977946718,442466.813410528
601,홈플러스 익스프레스 개봉점,20120420,20300101,187158.443830013,443952.561879682
602,홈플러스 익스프레스 서울구로점,20120620,20300101,188674.995072188,443749.503020388
603,구로시장,19620925,20300101,,
604,오류시장,19681023,20300101,,
605,주식회사 현대백화점 디큐브시티,20110810,20300101,190107.045415333,445157.626366229
606,(주)이마트에브리데이 개봉동점,20110919,20300101,187009.804317689,443302.607792578
607,홈플러스 익스프레스 서울오류점,20120420,20300101,185756.174922711,443268.099008657
608,동국종합상가,19930115,20300101,187718.801171032,444056.996752313
609,공구상가일번지,19980114,20300101,189134.15447044,444274.729874348
610,일이삼전자타운,19981126,20300101,187826.698183821,443925.52468616
611,애경백화점,19930830,20300101,189570.360930049,444336.051330144
612,동국종합상가,19930107,20300101,187718.801171032,444056.996752313
613,롯데마트 구로점,20050601,20300101,188669.484398215,444010.738380277
614,롯데마트 구로점,20050601,20300101,188669.484398215,444010.738380277
615,비엔큐홈(구로점),20050601,20300101,188669.484398215,444010.738380277
616,일이삼전자타운,20051115,20300101,187756.919450472,443962.832747371
617,삼익쇼핑센터,19861210,20300101,186015.738369848,443657.614265375
618,중앙유통단지,19980512,20300101,188840.515865617,444306.771104527
619,(주)신세계이마트구로점,20050331,20300101,190901.977946718,442466.813410528
620,(주)신세계이마트구로점,20050331,20300101,190901.977946718,442466.813410528
621,이천일아울렛구로점,20051118,20300101,187785.840457798,443997.135869884
622,롯데쇼핑(주) 롯데마트 구로점,20070828,20201227,188669.484398215,444010.738380277
623,롯데쇼핑(주) TRU구로점,20071119,20120502,188669.484398215,444010.738380277
624,AK PLAZA,19930830,20191014,189570.360930049,444336.051330144
625,고척아이파크쇼핑센터,20220318,20300101,,
626,이마트구로점,19990727,20300101,,
627,롯데캐슬 골드파크 4차 마르쉐도르 960,20190410,20300101,,
628,럭키남서울상가,19820114,20300101,191026.637157812,438701.205634976
629,시흥중앙철재상가,19870331,20300101,191390.785127877,437280.574150819
630,시흥산업용재유통센타,19870626,20300101,191384.606290141,437986.940834791
631,유창상가,19940314,20300101,190771.595589599,440515.66903538
632,대명합동시장,19771210,20300101,191262.621370792,439137.99206467
633,홈플러스(주) 금천점,20031002,20300101,190809.507840375,440728.382273075
634,롯데쇼핑(주) 아울렛 가산점,20151229,20300101,189722.178532426,441920.972770099
635,롯데캐슬 골드파크 2차 마르쉐도르,20171205,20300101,190567.418315661,439569.401459017
636,시티렉스,20041002,20300101,190858.649482406,440808.541334678
637,푸른터시장,20070719,20300101,191210.51770388,441768.833867706
638,시흥산업용재유통센터,20170407,20300101,191226.287379467,437914.06299827
639,홈플러스 시흥점,20081024,20300101,191152.432649234,438865.160717275
640,홈플러스(주)익스프레스 가산점,20120410,20300101,190527.918536528,441484.865931033
641,(주)이랜드리테일 홈에버 시흥점,20020618,20300101,191152.432649234,438865.160717275
642,남문시장,20050826,20300101,191127.423978879,441203.919968343
643,현대시장,20070501,20300101,191224.607415902,439247.719038249
644,박미종합시장,19800913,20170630,191497.590452952,437562.242368734
645,플라자 카멜리아,20021024,20121123,191823.026849977,438834.378061101
646,롯데쇼핑(주)롯데슈퍼독산점,20110928,20210216,190901.481378795,441536.391463324
647,(주)원신더블유몰,20070208,20300101,189997.455663258,441687.841171831
648,현대아울렛,20130319,20300101,190119.463375612,441716.684586176
649,홈플러스(주)익스프레스 독산점,20120410,20150121,191290.582375374,440402.04012719
650,롯데쇼핑(주)롯데슈퍼 시흥점,20120507,20161226,191917.450107657,438699.77460936
651,시흥중앙시장,19730912,20300101,191823.026849977,438834.378061101
652,삼성테스코(주)홈플러스 금천점,20031002,20300101,190809.507840375,440728.382273075
653,삼성테스코(주)홈플러스 금천점,20031017,20300101,190809.507840375,440728.382273075
654,홈플러스(주) 영등포점,20011203,20300101,190729.506453391,446227.07504062
655,로데오 왁,20030331,20300101,190644.120684734,446104.925181837
656,코스트코 홀세일,20051111,20300101,190408.509134733,447298.022173646
657,영신상가,20070322,20300101,191691.167905721,446411.007064006
658,코스트코홀세일,19941007,20300101,190408.509134733,447298.022173646
659,영등포지하상가,19970916,20300101,,
660,한화스토아여의점,19750609,20300101,,
661,홍익상가,19871127,20300101,,
662,도림시장,19691231,20300101,,
663,양남시장,19680220,20300101,190307.528282719,446742.556303998
664,신동시장,19730630,20300101,,
665,대신시장,19650528,20300101,192643.702398007,445431.520857116
666,대림시장,19700527,20300101,,
667,두암종합시장,19840823,20300101,190916.911377676,443681.766720649
668,영등포농축수산물쎈타,19961203,20300101,,
669,영등포역앞지하상가,19800409,20300101,,
670,영등포로타리지하상가,19830909,20300101,,
671,동남시장,19710809,20300101,191590.878296395,446489.41953806
672,영일시장,19740515,20300101,,
673,룩스쇼핑센터,20080424,20300101,191087.758954321,446157.437289242
674,신세계 이마트 여의도점,20080507,20300101,193393.096553574,446218.443828439
675,타임스퀘어,19940826,20300101,191385.057392247,446098.555926507
676,홈플러스(주) 익스프레스 신길점,20120326,20300101,192275.299730624,443891.073398846
677,아이에프씨몰(IFC Mall),20120613,20300101,193326.931018911,446973.914570276
678,두암상가,20130902,20300101,190916.911377676,443681.766720649
679,썬프라자,19820422,20300101,191800.728214995,443809.773854649
680,홈플러스(주) 익스프레스 도림점,20110630,20300101,191157.139334361,444953.005202762
681,홈플러스(주) 익스프레스 신길3점,20111002,20300101,191936.254364904,444885.168731883
682,홈플러스(주) 익스프레스 신길2점,20111002,20300101,192712.769279545,445770.103022217
683,THE HYUNDAI SEOUL,20200102,20300101,193592.000380036,447092.629432527
684,영등포 중흥 에스클래스,20201012,20300101,189877.032334127,446801.78225662
685,63씨티,19850727,20300101,194632.526367463,446401.926526228
686,(주)LG,19870423,20300101,193674.743726431,447296.226305826
687,메트하임,20180614,20200320,192558.271784626,444233.81892942
688,코레일유통주식회사,19821020,20090825,191272.12099068,447064.885774633
689,롯데슈퍼 대림점,20111122,20300101,190721.417931753,444571.769293729
690,(주)사러가,19650621,20190304,192041.032768335,444884.804266378
691,(주)신영사러가,19671226,20190304,191994.505086626,444933.158731651
692,영등포기계상가,19890202,20200924,189877.032334127,446801.78225662
693,롯데슈퍼 썬프라자점,20111122,20201014,191800.728214995,443809.773854649
694,홈플러스(주) 익스프레스 양평점,20111002,20140508,189785.752470051,446796.882113561
695,영등포 점프밀라노,20051201,20300101,191580.646388785,446320.718339983
696,대림쇼핑타운,19931130,20300101,193273.484014052,445011.250115029
697,해가든프라자,20110713,20300101,196587.030630143,444939.455414947
698,홈플러스(주) 익스프레스 상도점,20110714,20300101,194064.994071226,444089.838269412
699,홈플러스(주) 익스프레스 남성점,20110826,20300101,197507.834447319,442470.92961062
700,성대종합시장,19791218,20300101,193896.384765772,444196.484790728
701,(주)이마트에브리데이 대방동점,20111004,20300101,193699.189949205,444190.844599349
702,(주)이마트 이수점,20111004,20300101,198202.472533419,442471.241038085
703,(주)이마트에브리데이 상도동점,20111004,20300101,194963.274671696,444866.845573417
704,(주)이마트에브리데이 사당동점,20120131,20300101,197802.054854046,443049.47147487
705,(주)홈플러스 대방점,20120327,20300101,193393.306385172,445577.513247441
706,홈플러스 익스프레스 상도2점,20120424,20300101,195489.423430508,444995.675592494
707,홈플러스 익스프레스 상도3점,20120424,20300101,194941.030627361,443848.078951741
708,(주)지에스리테일 상도 엠코타운점,20140905,20300101,195585.914045797,443690.595413251
709,롯대슈펴 신대방점,20160603,20300101,192170.155815215,443599.41901313
710,신대방우성상가,19891201,20300101,192113.200600983,443344.373525343
711,서울노량진종합시장,20041218,20300101,194571.152376388,445790.549860682
712,서울노량진종합시장,20050119,20300101,194807.845295028,445901.413432497
713,태평백화점,19951020,20300101,198303.527071078,442742.422887932
714,롯데쇼핑(주) 롯데슈퍼 상도3동점,20111004,20181025,194250.710026163,444556.425220128
715,(주)지에스리테일 GS수퍼 사당점,20120406,20220128,197802.054854046,443049.47147487
716,롯데쇼핑(주)롯데슈퍼 사당점,20120413,20150630,198259.042471994,441696.145605791
717,(주) GS리테일 GS수퍼 사당태평점,20180827,20220128,198303.527071078,442742.422887932
718,신림중앙시장,19780807,20300101,192096.349629652,442339.213626523
719,일성트루엘상가,20140123,20300101,194203.825172,441229.929157
720,우림시장,19770108,20300101,192893.347466833,440903.81963928
721,관악쇼핑,20150709,20300101,196338.0,442951.0
722,원당종합시장,19800828,20300101,196912.833572618,441358.893188526
723,홈플러스 익스프레스 봉천점,20111019,20300101,195274.343265834,442663.498606503
724,(주)이마트에브리데이 봉천동점,20111026,20300101,194770.417438694,442676.831360439
725,(주)천성세이브마트,19991207,20300101,192674.885947244,441352.743493574
726,홈플러스 서울남현점,20130627,20300101,198449.002171,441337.858961
727,타임스트림,20090204,20300101,193754.427350029,442407.201247108
728,(주)지에스리테일 관악점,20110810,20300101,195431.465419568,441896.302934956
729,(주)지에스리테일 낙성대점,20110901,20300101,196501.159765837,441640.881044209
730,봉일시장,19701203,20300101,194486.270488664,442632.469540589
731,봉일시장,19711222,20300101,194486.270488664,442632.469540589
732,봉천현대시장,19720129,20300101,195206.056916766,442716.301708689
733,관악프라자,19881023,20300101,195963.335274799,442381.536010445
734,관악현대상가,19920826,20300101,196257.833652996,443341.379446435
735,신림현대종합상가,19930701,20300101,193957.944323928,441437.774867372
736,하이브랜드,20050228,20300101,203204.755637424,440136.781183797
737,르네상스쇼핑몰(주),20040922,20300101,193746.833837509,442510.775085572
738,라붐아울렛,20060825,20300101,195703.043681259,442094.085759338
739,관악종합시장,19691015,20300101,,
740,르네상스쇼핑몰(주),20050215,20300101,193746.833837509,442510.775085572
741,르네상스쇼핑몰(주),20050215,20300101,193746.833837509,442510.775085572
742,관악종합시장,20051129,20300101,193580.366498464,442144.670802989
743,홈플러스 익스프레스 신림점,20111102,20200305,194457.492960109,440910.563872941
744,롯데쇼핑(주)롯데슈퍼 남현2점,20120521,20160926,197790.079787758,441231.59187991
745,롯데쇼핑(주)롯데슈퍼 방배점,20120518,20300101,198660.616347373,443855.573402136
746,엘루체,20070720,20300101,198791.788015494,444392.672548989
747,무지개쇼핑,19800802,20300101,202216.049985624,443352.024569293
748,국제전자도매센타,19970329,20300101,201501.672660443,442505.573142545
749,반포프라자,19971029,20300101,198776.113460442,444432.325191038
750,신동아종합상가,19810723,20300101,202250.14517858,443143.784571728
751,방배종합시장,19830430,20300101,198492.797210723,442199.268340209
752,신반포종합시장,19771105,20300101,199448.513021585,444800.550772527
753,신사쇼핑,19820531,20300101,201230.693449214,445992.459343379
754,대림서초리시온,19781114,20300101,201295.700037578,443474.524864903
755,아크로비스타 아케이드,20050225,20300101,201107.634736928,443999.067092566
756,교보타워 지하아케이드,20030501,20300101,202058.674687128,444618.16731522
757,이수시장,19761211,20300101,198984.364832071,443229.835878514
758,코스트코코리아,20001209,20300101,203123.870437513,439984.847528537
759,반포프라자,19971029,20300101,198776.113460442,444432.325191038
760,무지개종합상가,19790216,20300101,202245.377899369,442987.986999742
761,터미널상가,19820408,20300101,200554.74395758,444811.364826199
762,(주)이마트 양재점,20050330,20300101,203204.755637424,440136.781183797
763,대림상가,19791212,20300101,,
764,서초쇼핑,19890605,20300101,201472.668856726,444193.267014675
765,한양스토아,19821112,20300101,201160.045636579,444426.564326186
766,홈플러스(주) 익스프레스 서울논현역점,20160129,20190817,201658.76521908,445341.749545748
767,매일종합상가,20110802,20201104,201024.481364815,445492.334204608
768,진흥종합상가,19800121,20200924,201952.309841677,443904.461723691
769,홈플러스익스프레스 방배점,20140929,20190430,198709.207041029,442599.234175666
770,삐에로쇼핑 강남논현점,20180803,20300101,201994.292033914,445091.876704064
771,(주)재능스스로마트,19970902,20121220,204254.782968629,442744.847670936
772,홈플러스익스프레스 도곡2점,20091109,20300101,203764.786572817,442286.229201457
773,신사상가,19760807,20300101,202440.338882233,447782.51322707
774,청담삼익시장,19800519,20300101,205034.15838707,446675.932361885
775,그랑프리,19850206,20300101,204992.451561361,443183.576115254
776,청실종합상가,19790416,20300101,205154.638096613,443439.981644506
777,대치종합상가,19840525,20300101,205558.159926896,444312.078934352
778,대치1단지상가,19940615,20300101,206581.787067095,443555.991242524
779,대치2단지상가,19940615,20300101,206581.787067095,443555.991242524
780,도심공항몰(CALT MALL),20141125,20300101,205170.959716696,445264.936337181
781,점프밀라노,20151211,20300101,202296.99602809,444335.013666084
782,노브랜드 삼성점,20161229,20300101,204447.069004407,446008.542809355
783,파르나스몰(PARNAS MALL),19881019,20300101,205314.159889285,445204.709309676
784,코엑스 호텔아케이드,20000501,20300101,205130.591678902,445590.096837802
785,코엑스 몰,20000503,20300101,205340.631121567,445354.571117445
786,금강상가,20030128,20300101,202485.226490575,447521.520319158
787,남서울종합시장,19880513,20300101,205209.747122636,443490.817333221
788,(주)이마트 역삼점,20061024,20300101,204213.643236507,444113.028210915
789,논현웰스톤상가,20090930,20300101,203292.307005445,446247.511537864
790,아카데미프라자,20050829,20300101,204538.144891563,442942.853505354
791,삼성동 신도브래뉴 주상복합 상가,20101230,20300101,204652.111034177,445353.174360925
792,SSG Food Market 백화점,20110412,20300101,203789.588128352,446796.128299612
793,영동전통시장,20110623,20300101,202023.395227792,445302.915908145
794,동화상가(주),20130215,20300101,202010.0103397,445368.131754546
795,홈플러스익스프레스 학동역점,20130604,20300101,202599.512133865,445700.273918744
796,신원아침도시마인상가,20140325,20300101,204391.425431,447439.752421
797,롯데슈퍼 역삼2동점,20111124,20300101,203641.076839094,443854.896864211
798,역삼서해더블루,20131204,20220819,203389.562748068,443422.779316247
799,롯데슈퍼 역삼1동점,20111202,20300101,202957.286742981,443437.682541522
800,롯데슈퍼 논현점,20120119,20300101,203322.585990371,445590.72903471
801,밀구루 삼성점,20120702,20300101,203675.905036013,445926.119732235
802,롯데슈퍼 코엑스점,20120702,20300101,205359.898726792,445864.805913342
803,롯데슈퍼 도곡점,20120702,20300101,204254.782968629,442744.847670936
804,(주)지에스리테일 GS슈퍼 강남 논현점,20140916,20300101,202023.395227792,445302.915908145
805,한보종합상가,19840208,20300101,205886.286776047,443467.611815598
806,한솔필리아,19961115,20300101,204213.643236507,444113.028210915
807,강남시장,19741110,20300101,201757.494098748,446282.45446652
808,논현종합시장,19790117,20300101,203005.088001821,445311.309960952
809,두산아케이드,19870202,20300101,203050.783890109,446316.514036122
810,수서1-2단지상가,19940615,20300101,207748.487100942,443240.945026406
811,(주)현대백화점 본점,19851130,20300101,202358.505687227,447232.955697694
812,현대백화점 무역센터점,19881010,20300101,205210.358779172,445154.42225208
813,홈플러스 익스프레스 압구정점,20120726,20300101,203191.25706078,447312.903662969
814,(주)지에스리테일 신사점,20120518,20300101,202167.012989943,446808.075588622
815,금강상가,19790410,20300101,202485.226490575,447521.520319158
816,(주)신세계마트 이마트 역삼점,19990714,20300101,204213.643236507,444113.028210915
817,(주)현대백화점 동호스토아,20030418,20300101,202485.226490575,447521.520319158
818,남서울종합상가,20030128,20300101,,
819,(주)금강개발산업,19840307,20300101,202485.226490575,447521.520319158
820,청담제일시장,19780526,20140324,204391.425431,447439.752421
821,삼성종합시장,19831011,20101230,204582.09981345,445311.806281605
822,역삼시장,19810414,20130220,204170.278135097,444036.656041328
823,역삼시장,19741227,20130220,204170.278135097,444036.656041328
824,수서종합상가,19921226,20210513,208789.626026494,443219.258555294
825,서울상록회관,19911230,20100210,203746.537598441,444628.07813453
826,(주)신세계마트 이마트 역삼점,20061018,20190831,204213.643236507,444113.028210915
827,SSG Food Market 백화점,20110412,20190831,203789.588128352,446796.128299612
828,롯데쇼핑(주)롯데슈퍼 역삼점,20120702,20140615,,
829,롯데슈퍼 압구정점,20120702,20211230,202612.708410687,446806.733541327
830,영동시장,19730801,20130214,202010.0103397,445368.131754546
831,미씨-860,19970524,20090922,206970.919291372,443574.411625824
832,(주)지에스리테일 논현점,20120405,20170313,203292.307005445,446247.511537864
833,일원마트,19940615,20300101,207614.091005038,443297.031452896
834,더 샵스 앳 센터필드 (THE SHOPS AT CENTERFIELD),20210319,20300101,203599.062771687,444556.062267296
835,(주)지에스리테일 잠실파크리오점,20111025,20300101,209995.612788762,446691.34604437
836,(주)지에스리테일 송파가락점,20111025,20300101,211693.932828168,443503.427857478
837,롯데하이마트 월드타워점,20140718,20300101,209074.900840074,445657.80932984
838,(주)지에스리테일 잠실점,20111108,20300101,208187.623477261,445589.718583334
839,롯데월드몰,20140717,20300101,209074.900840074,445657.80932984
840,가든파이브 툴,20090511,20300101,,
841,마천시장,19731214,20300101,213247.196130934,444020.568495222
842,프리마 쇼핑센타,19820129,20300101,206397.34797252,444963.233863255
843,홈플러스(주)익스프레스 잠실점,20110905,20300101,208045.233042977,445054.410833743
844,홈플러스(주) 익스프레스 송파점,20110905,20300101,210264.355667851,444937.580211197
845,엄마손상가,19830716,20300101,209440.726523187,444369.495694674
846,가든파이브 라이프,20090511,20300101,211053.119518,442026.988783
847,송파쇼핑센타,19980317,20300101,213279.781081276,443674.682876425
848,잠실중앙상가,19780328,20300101,208187.623477261,445589.718583334
849,올림픽파크동부센트레빌 상가,20090630,20300101,211217.0019233,445334.151660974
850,쌍용프라자 상가,19970218,20300101,211259.909777857,443711.702922024
851,한화 송파지점,19840208,20300101,210057.912138022,444767.367639796
852,홈플러스(주)잠실점,20070709,20300101,209039.148023482,446007.966801057
853,롯데하이마트잠실점,20130619,20300101,208589.363343145,445455.90405262
854,(주)지에스리테일 송파점,20110810,20300101,211259.909777857,443711.702922024
855,(주)지에스리테일 방이점,20111025,20300101,210908.984532034,445042.920252223
856,올림픽프라자상가,19890607,20300101,211619.368009793,445963.384875409
857,갤러리아팰리스 아케이드,20050224,20300101,208233.926974585,445435.257647797
858,홈플러스(주)익스프레스 거여점,20111202,20300101,212800.699970729,443397.261935451
859,롯데쇼핑(주)롯데슈퍼석촌점,20120405,20300101,208675.812751826,444446.053485778
860,농협하나로마트방이역점,20120405,20300101,211217.0019233,445334.151660974
861,(주)이마트에브리데이 가락동점,20120120,20300101,210391.461980814,443796.02703891
862,홈플러스(주)익스프레스 풍납점,20120330,20300101,210378.825036871,447916.043934269
863,홈플러스 익스프레스 삼전역점,20200129,20300101,207875.596264658,444672.586038194
864,이마트에브리데이 송파점,20200724,20300101,209394.231297346,443951.236927017
865,주-한화유통,19780307,20300101,208730.633457015,445905.025545443
866,(주)지에스리테일 삼전점,20101025,20170308,208280.534908805,444954.935453176
867,(주)지에스리테일 송파2점,20111108,20220130,210432.726398095,444603.003663184
868,노브랜드 문정점,20161229,20211118,210697.0,441990.0
869,롯데면세점 월드타워점,20140717,20161130,209074.900840074,445657.80932984
870,석우종합시장,19800307,20090629,,
871,장미종합상가,19800614,20160322,208707.089897534,446299.352775446
872,주-화신유통,19880819,19880820,211632.462045386,442617.382308292
873,롯데쇼핑(주)롯데슈퍼거여점,20100424,20160531,212769.337053978,443460.333645388
874,(주)지에스리테일 문정점,20110831,20160322,211350.099419457,442328.447083979
875,홈플러스익스프레스 송파2점,20111025,20160601,209522.43324123,444926.099764329
876,가락동포스코주상복합상가,19961105,20010712,210758.119119654,443662.956402309
877,갤러리아 잠실점,19880614,20010526,208233.926974585,445435.257647797
878,홈플러스(주)익스프레스 삼전점,20111102,20180529,207869.041788408,444656.547305861
879,(유)잠실중앙상가,20120321,20120321,208187.623477261,445589.718583334
880,롯데프레시송파가락가맹점,20200724,20300101,211822.100655974,443697.739713172
881,지에스 더프레시(GS THE FRESH) 고덕그라시움점,20190604,20300101,214293.085340515,450636.626425939
882,파크프라자 상가,20040524,20300101,211838.35431041,447195.676766748
883,(주)이마트천호점,20050331,20300101,211025.924972294,448495.189151526
884,천호신시장,20050509,20300101,211252.735515916,448823.39875114
885,이안강동주상복합상가,20060721,20300101,211238.661063855,448150.595848877
886,강동한신휴플러스,20070605,20300101,212081.019857419,448209.124823551
887,홈플러스 강동점,20081107,20300101,212501.369116329,449282.31038379
888,동서울오네뜨상가,20100506,20300101,212624.891449347,448937.811380947
889,(주)지에스리테일 명일점,20110927,20300101,212676.162193508,449910.881572138
890,현대백화점 천호점,19990412,20300101,210931.643485,448522.079827
891,(주)이마트명일점,20021120,20300101,213700.877714971,450278.100930843
892,주양쇼핑,19920502,20300101,213493.90717524,450038.847319845
893,(주)지에스리테일 암사캐슬점,20110927,20300101,212334.9584644,450346.790651613
894,홈플러스(주) 익스프레스 암사점,20110927,20300101,211868.244314608,450020.355211693
895,홈플러스(주) 익스프레스 성내점,20110927,20300101,211185.497701374,447670.852055872
896,(주)이마트에브리데이 명일동점,20110927,20300101,213048.692179757,450124.105734971
897,홈플러스(주)익스프레스 길동점,20111007,20300101,212349.37381605,448466.105629578
898,동아코아,20050720,20300101,211055.486155787,448786.697371515
899,천호신시장,20050112,20300101,211252.735515916,448823.39875114
900,신세계이마트천호점,20050331,20300101,,
901,천호신시장,20050509,20300101,211252.735515916,448823.39875114
902,동서울시장,20050602,20300101,211265.331889504,448886.316858581
903,(주)농협유통 하나로마트 성내점,20111007,20300101,210566.875626134,447402.629676369
904,동아코아,20050720,20300101,211055.486155787,448786.697371515
905,동아코아,20050720,20300101,211055.486155787,448786.697371515
906,동아코아,20050720,20300101,211055.486155787,448786.697371515
907,동아코아,20050720,20300101,211055.486155787,448786.697371515
908,천호시장,20050927,20300101,211196.195653708,448722.851784118
909,이천일아울렛 천호점,20060525,20300101,211055.486155787,448786.697371515
910,현대프라자,19900528,20300101,211336.172451748,448556.794492412
911,킴스클럽,20000614,20300101,211750.89622364,448202.632546787
912,이마트천호점,20010327,20300101,211025.924972294,448495.189151526
913,(주)지에스리테일 둔촌점,20110927,20171012,211979.520569314,446932.653730601
914,(주)지에스리테일 주양점,20110927,20170329,213493.90717524,450038.847319845
915,천호시장,19681023,20190201,211196.195653708,448722.851784118
916,현대프라자,19900528,20200514,211336.172451748,448556.794492412
917,둔촌종합상가,19820118,20180529,211979.520569314,446932.653730601
918,롯데쇼핑(주)롯데슈퍼둔촌점,20111007,20140531,212334.69890736,447728.865137096
919,양지종합시장,20070704,20131029,212082.014198045,450348.793644384
920,동서울시장,19701231,20190826,211265.331889504,448886.316858581
921,(주)지에스리테일 암사점,20110927,20170319,211856.46923171,449540.660436957
922,롯데슈퍼암사가맹점,20110927,20120322,211466.885452018,450264.276387605
923,(주)농협유통 하나로마트 둔촌점,20111007,20171107,211979.520569314,446932.653730601
924,롯데쇼핑㈜롯데슈퍼강동점,20111007,20171213,211532.353686299,448182.588454494
925,삼성테드크(주)홈플러스강동점,20081107,20300101,212501.369116329,449282.31038379
926,천호코오롱상가,19961212,20300101,211279.030241561,448548.819716671
927,신세계 이마트 명일점,20021120,20300101,213700.877714971,450278.100930843
928,양지종합시장,19820527,20300101,212082.014198045,450348.793644384
929,GS THE FRESH 용산해링턴점,20210415,20300101,197071.403205622,447073.62284187
930,롯데쇼핑(주)롯데슈퍼원효로점,20140731,20300101,197101.127488725,448437.06789045
931,롯데백화점 에비뉴엘 월드타워점,20140717,20300101,209074.900840074,445657.80932984
932,롯데쇼핑(주) 롯데마트 월드타워점,20140717,20300101,209074.900840074,445657.80932984
933,롯데쇼핑(주)롯데슈퍼송파점,20120405,20300101,210057.912138022,444767.367639796
934,롯데쇼핑(주)롯데슈퍼풍납점,20120330,20300101,210274.185529862,447307.649759292
935,롯데쇼핑(주)롯데슈퍼방이점,20110905,20300101,209576.621957045,445779.100983519
936,롯데쇼핑(주)롯데슈퍼신천점,20110829,20300101,207270.219021574,445550.277249649
937,롯데쇼핑(주)롯데슈퍼잠실3동점,20110829,20300101,207553.918225133,445383.338011122
938,롯데캐슬플라자,20051209,20300101,208836.192051204,445807.727388799
939,롯데쇼핑(주)롯데마트 송파점,20000713,20300101,210343.699256005,443288.284974717
940,롯데백화점 잠실점,19881112,20300101,208589.363343145,445455.90405262
941,롯데프레시 갈월점,20140731,20300101,197443.881826007,448884.957554763
942,롯데쇼핑(주)롯데슈퍼 신동아점,20120320,20221011,198622.89264988,446114.155238838
943,롯데프리미엄푸드마켓 문정점,20161020,20221031,210966.0,442050.0
944,롯데마트(주) 롯데마트 제타플렉스,19980819,20300101,208589.363343145,445455.90405262
945,롯데쇼핑(주)롯데슈퍼화곡점,20111005,20300101,186366.013413728,447719.836723478
946,롯데쇼핑(주)롯데슈퍼개화산점,20111004,20300101,182944.731406147,452207.427296372
947,롯데몰 김포공항,20110118,20300101,182524.823835629,451438.25089679
948,용산라이프시티피에프브이 주식회사,20220502,20300101,196727.535753619,447868.128308607
949,(주) 이랜드리테일 강서점,20110919,20300101,185824.428508883,450866.252126246
950,이천일아울렛 천호점,20060525,20300101,211055.486155787,448786.697371515
951,신세계백화점메사점,20000821,20300101,198129.435542814,450900.239718295
952,두타몰,19990105,20300101,200703.625559248,451836.458256618
953,남평화상가(주),19790420,20300101,200894.478544376,451877.080833985
954,신세계백화점,19730410,20300101,198263.90839194,450960.762964932
955,롯데쇼핑(주) 롯데마켓 999 이문점,20120521,20300101,205170.935816792,454707.524142172
956,롯데백화점 청량리역사점,20100723,20300101,204081.282117393,453187.395154017
957,롯데쇼핑(주) 롯데마트 양평점,20170425,20300101,190352.321686588,447095.641206789
958,뉴코아아울렛,20120514,20300101,200576.608647619,445241.8984183
959,뉴코아백화점,20120514,20300101,200367.985010323,445207.663497148
960,(주)이랜드킴스클럽 강남점,19950601,20300101,200576.608647619,445335.667245506
961,롯데쇼핑(주) 금천 독산점,20180430,20300101,,
962,롯데쇼핑(주)롯데슈퍼신당점,20111007,20300101,200611.681337882,449633.135193962
963,롯데프리미엄푸드마켓 공덕점,20090529,20300101,195564.375757848,449186.933273231
964,롯데슈퍼 대흥점,20080812,20300101,194648.759340948,449239.314703653
965,롯데쇼핑(주)롯데마트서울역점,20040601,20300101,197243.215346366,450655.104239931
966,롯데쇼핑(주) VIC 마켓 금천점,20020618,20300101,190704.904312713,440940.384414334
967,롯데쇼핑(주) VIC마켓 영등포점,20010925,20300101,191503.386111551,447289.548355449
968,롯데쇼핑(주) 관악점,19971107,20300101,193301.885808714,443151.561302292
969,(주)신세계 타임스퀘어점,19821215,20300101,191581.500265536,446108.807192753
970,롯데백화점 본점,19791227,20300101,198259.65357739,451392.198218657
971,롯데쇼핑본점영플라자,19731030,20300101,198315.532747026,451248.141599825
972,롯데마켓999 하월곡점,20170427,20300101,201621.331749529,456272.261670237
973,롯데마이슈퍼 장위점,20120521,20300101,204208.631200867,457844.348010616
974,롯데마이슈퍼 정릉점,20120521,20300101,201548.495615664,455659.81785175
975,롯데쇼핑(주) 롯데슈퍼 역촌점,20120320,20300101,193083.765685506,455978.010581693
976,롯데백화점 건대스타시티점,20080822,20300101,206217.434726027,448506.218743834
977,롯데쇼핑(주)롯데마트 강변점,19980323,20300101,208394.416382167,448165.279999905
