서울/경기,시/군/구,동,리,번지,사업장명,영업상태,개업일자,폐업일자,X좌표값,Y좌표값,위도,경도
경기도,가평군,가평읍,달전리,113-4,스타벅스남이섬점,영업,202107,203001,246197.235726945,478362.818093214,37.8065772105,127.5253444048
경기도,고양일산동구,장항동,,768,(주)스타벅스커피코리아일산라페스타점,폐업,200308,201306,179538.773119107,462032.199845677,37.6603512,126.768854
경기도,고양일산동구,풍동,,699,스타벅스 고양대로DT점,영업,202206,203001,181927.758552852,463930.090165393,37.6776714103,126.7961165158
경기도,고양덕양구,덕은동,,0,스타벅스 고양덕은점,영업,202303,203001,944620.1734150376,1953219.7447304009,37.5794418421,126.8706567665
경기도,고양덕양구,원흥동,,332-1,스타벅스 고양원흥DT점,영업,202108,203001,188391.022887693,459392.615117551,37.6368047034,126.8693118505
경기도,고양덕양구,행신동,,999,스타벅스 고양행신점,영업,202009,203001,185303.557414536,457949.601508534,37.6237774761,126.8343152933
경기도,고양덕양구,향동동,,529,스타벅스 고양향동점,영업,202103,203001,190416.531776901,455196.50737951,37.5989345801,126.8924015047
경기도,고양일산동구,식사동,,814,스타벅스 동국대일산병원점,영업,201811,203001,182859.165827012,463795.707030926,37.6764385211,126.805563051
경기도,고양일산동구,장항동,,890-5,스타벅스 마두역점,영업,201203,203001,180226.735,461197.565,37.6529298076,126.7767041081
경기도,고양일산동구,백석동,,1296-3,스타벅스 백석역DT,영업,201309,203001,181168.007864988,460199.776652369,37.6439816482,126.7874005009
경기도,고양덕양구,동산동,,370,스타벅스 스타필드고양1F R,영업,201708,203001,190645.314309928,460528.947974088,37.6470962619,126.8948092677
경기도,고양덕양구,동산동,,370,스타벅스 스타필드고양1F고메스트리트,폐업,201708,202208,190715.654303376,560834.907896845,37.6470962619,126.8948092677
경기도,고양덕양구,동산동,,370,스타벅스 스타필드고양3F,영업,201708,203001,190645.314309928,460528.947974088,37.6470962619,126.8948092677
경기도,고양덕양구,동산동,,370,스타벅스 스타필드고양3F잇토피아,폐업,201708,202208,190715.654303376,560834.907896845,37.6470962619,126.8948092677
경기도,고양일산서구,덕이동,,373-9,스타벅스 일산가구단지점,영업,201711,203001,178477.553993663,466391.487745459,37.6995569792,126.7567064435
경기도,고양일산서구,대화동,,1050-185,스타벅스 일산가로수길R점,영업,201806,203001,178443.772452423,462653.992741763,37.666016994,126.7564061079
경기도,고양일산서구,덕이동,,469,스타벅스 일산덕이DT점,영업,201704,203001,178486.612473938,465511.162889899,37.6919155038,126.7569755481
경기도,고양일산서구,탄현동,,142-84,스타벅스 일산탄현동점,영업,202007,203001,179163.461148359,465891.700143354,37.6951899435,126.764587945
경기도,고양일산서구,탄현동,,1640,스타벅스 일산탄현제니스,영업,201401,203001,179005.665068939,465786.029740427,37.6952147328,126.7627841878
경기도,고양일산동구,풍동,,879-2,스타벅스 일산풍동DT점,영업,201712,203001,182357.27852801,462219.406430743,37.6622141824,126.8007409467
경기도,고양일산동구,중산동,,1836-3,스타벅스 일산하늘마을점,영업,202204,203001,180713.721983108,463928.821633406,37.6775602337,126.7821578142
경기도,고양일산서구,주엽동,,81,스타벅스 주엽강선점,영업,202006,203001,179290.502288104,462727.239411742,37.6661974836,126.7665181825
경기도,고양일산서구,주엽동,,18-2,스타벅스 주엽사거리점,폐업,200705,202005,178668.321119565,463267.005753621,37.6715583036,126.7589815191
경기도,고양덕양구,지축동,,0,스타벅스 지축역점,영업,202212,203001,948521.0879940246,1960996.8661291236,37.6497633645,126.9142855625
경기도,고양일산서구,대화동,,2602,스타벅스 현대킨텍스점,영업,202006,203001,178006.080301401,462865.812502378,37.6679786706,126.7516242854
경기도,고양덕양구,화정동,,973,스타벅스 화정역점,영업,201208,203001,185166.687145694,459037.825613683,37.6336291576,126.8327427261
경기도,고양덕양구,화정동,,689-19,스타벅스 화정호국로점,영업,202106,203001,184893.335318175,459935.558799077,37.6417773145,126.829586797
경기도,고양일산서구,대화동,,2700,스타벅스(킨텍스전시장),폐업,201612,201612,177158.311187542,462546.660972252,37.6649345,126.7418539
경기도,고양일산서구,대화동,,2222-3,스타벅스대화역점,영업,201311,203001,177718.498228631,463699.196399122,37.675419855,126.7482043023
경기도,고양일산동구,장항동,,770-1,스타벅스라페스타광장점,영업,201306,203001,179657.69081714,461951.32697538,37.659694526,126.7701648001
경기도,고양일산서구,주엽동,,17,스타벅스문촌사거리점,영업,202109,203001,178529.136791301,463365.623578833,37.6722957977,126.7572959612
경기도,고양덕양구,삼송동,,291,스타벅스삼송역점,영업,202005,203001,190815.458049782,461119.342314115,37.6524252132,126.8969766222
경기도,고양일산동구,장항동,,1755,스타벅스소노캄고양점,영업,201912,203001,177899.003115642,462275.537979953,37.6625616531,126.7501934137
경기도,고양덕양구,원흥동,,630,스타벅스원흥역점,영업,201910,203001,189022.994577755,460747.027677344,37.6486054066,126.8765236735
경기도,고양일산동구,장항동,,868,스타벅스웨스턴돔B,영업,201104,203001,179867.687196662,461402.023019802,37.6547704839,126.772627716
경기도,고양일산동구,장항동,,855,스타벅스일산동구청점,폐업,201207,202008,179913.323308018,461616.743761126,37.6567114988,126.7731416187
경기도,고양일산동구,장항동,,855,스타벅스일산동구청점,영업,202007,203001,179913.323308018,461616.743761126,37.6567114988,126.7731416187
경기도,고양일산동구,풍동,,609,스타벅스일산애니골DT점,영업,201901,203001,181719.305640419,463621.06236632,37.6748806478,126.7936594718
경기도,고양일산서구,주엽동,,106-3,스타벅스주엽점,폐업,200406,200907,179004.476773814,462990.207993189,37.6689882,126.762763
경기도,고양덕양구,고양동,,568,스타벅스커피 고양DT점,영업,201512,203001,191591.265116577,467472.872599871,37.7095756651,126.9053289654
경기도,고양덕양구,신원동,,628-2,스타벅스커피 고양삼송,영업,201610,203001,190335.02,462375.12,37.6637164992,126.8912502392
경기도,고양일산동구,백석동,,1332,스타벅스커피 백석점,영업,201405,203001,181058.839659555,460195.973513745,37.6439291153,126.7861654817
경기도,고양덕양구,주교동,,620-1,스타벅스커피 원당DT점,영업,201412,203001,185602.205606273,461771.651536346,37.6582086739,126.837590555
경기도,고양일산서구,주엽동,,71-1,스타벅스커피 일산주엽점,영업,201309,203001,178995.77015582,463084.159214974,37.6699320117,126.7626715244
경기도,고양일산서구,일산동,,1084-1,스타벅스커피 일산후곡점,영업,201506,203001,179430.491672366,463922.29396786,37.6774255789,126.7675870283
경기도,고양일산서구,대화동,,2703,스타벅스커피 킨텍스이마트점,영업,201506,203001,177349.707402843,462162.606173795,37.661567383,126.7441037261
경기도,고양일산동구,중산동,,1809,스타벅스커피 풍산이마트점,영업,201407,203001,181149.682181138,463521.801944649,37.6738948112,126.7871031801
경기도,고양덕양구,행신동,,762,스타벅스커피 행신역,영업,201606,203001,185316.562388048,456868.289991954,37.6140350057,126.8344814671
경기도,고양일산동구,백석동,,1237,스타벅스커피백석중앙로,영업,201609,203001,181637.189249099,460029.013400211,37.6417316619,126.7939507953
경기도,고양일산동구,마두동,,751,스타벅스커피일산백마점,영업,201509,203001,181232.129988809,461659.064836797,37.6571180669,126.7880798953
경기도,고양일산동구,식사동,,1531,스타벅스커피일산식사점,영업,201409,203001,183360.66,463963.815,37.6779373265,126.8121604415
경기도,고양일산서구,대화동,,2602,스타벅스현대킨텍스,폐업,201008,201710,178006.080301401,462865.812502378,37.6679645,126.7513867
경기도,고양덕양구,화정동,,970-5,스타벅스화정점,영업,200105,203001,185053.852094175,459033.045595769,37.6335407282,126.8314514973
경기도,과천시,별양동,,1-19,(주)스타벅스 과천이마트,영업,200112,203001,199209.021144538,436019.965418918,37.4262633755,126.9918692595
경기도,과천시,중앙동,,40-10,스타벅스 과천점,영업,200011,203001,199126.899359054,436243.454318495,37.4282966647,126.990985219
경기도,과천시,중앙동,,79,스타벅스과천DT점,영업,201812,203001,199382.57567455,437463.483435352,37.4393687425,126.9938493345
경기도,광명시,철산동,,425,스타벅스 철산로데오점,영업,201511,203001,188374.127423288,441322.226107073,37.4740222262,126.8693590909
경기도,광명시,일직동,,500,스타벅스광명롯데몰점,영업,202104,203001,189614.445095321,435789.264012576,37.4242749767,126.8827963758
경기도,광명시,광명동,,158-86,스타벅스광명사거리역점,영업,201701,203001,187047.943668432,441981.979903733,37.4799260789,126.8543346703
경기도,광명시,소하동,,1077,스타벅스광명소하디티점,영업,201704,203001,189240.287694874,436989.791122534,37.4348922606,126.8792051122
경기도,광명시,소하동,,1335,스타벅스광명소하점,영업,201707,203001,189670.336967112,438486.028934475,37.4484470224,126.8840449468
경기도,광명시,일직동,,512-3,스타벅스광명에이케이점,영업,202110,203001,189541.850018502,435187.738812827,37.4186779767,126.8828875175
경기도,광명시,일직동,,513,스타벅스광명역점,영업,201806,203001,189353.72220814,434931.453645216,37.4162621599,126.8811331292
경기도,광명시,철산동,,482,스타벅스광명철산점,영업,201201,203001,188070.903985133,441472.272406432,37.4752383253,126.8658542142
경기도,광명시,하안동,,35,스타벅스광명하안대로점,영업,201811,203001,189166.128976085,439928.572073838,37.4614418041,126.8783411515
경기도,광명시,하안동,,53-3,스타벅스광명하안점,영업,201410,203001,189360.690176036,440058.366118621,37.4626077238,126.8806608799
경기도,광명시,철산동,,245-9,스타벅스철산역점,영업,201910,203001,188226.339623486,441595.63975257,37.4764380617,126.8677101859
경기도,광주시,송정동,,12-12,스타벅스 경기광주송정DT,영업,201912,203001,224064.97581581,434936.821158684,37.4162841616,127.2725925171
경기도,광주시,신현동,,701-5,스타벅스 경기광주신현DT점,영업,201812,203001,969476.7349960045,1928729.921325592,37.3598652542,127.1531765585
경기도,광주시,쌍령동,,168,스타벅스 경기광주쌍령DT,영업,202002,203001,224124.5343436,433000.218109659,37.3987626285,127.2732555745
경기도,광주시,경안동,,20-14,스타벅스 경기광주점,영업,201511,203001,222966.376546546,434212.615121506,37.4097607274,127.2601936712
경기도,광주시,초월읍,쌍동리,261-3,스타벅스 경기광주초월역DT점,영업,202107,203001,226345.931837328,430310.693431618,37.3744074824,127.2982447425
경기도,광주시,곤지암읍,삼리,399-6,스타벅스 곤지암ICDT,영업,202102,203001,228736.537994521,428230.505495944,37.355647532,127.3252371279
경기도,구리시,수택동,,526-3,스타벅스 구리돌다리점,영업,201305,203001,212475.288367927,455377.857052032,37.6006224235,127.1419341951
경기도,구리시,수택동,,854-2,스타벅스 구리수택점,영업,202111,203001,212216.469825314,454105.332546874,37.5884787865,127.1381639159
경기도,구리시,인창동,,344-6,스타벅스 구리인창DT,영업,202203,203001,212230.139381661,455937.037197886,37.6056709332,127.1392929017
경기도,구리시,수택동,,874-5,스타벅스 구리장자호수점,영업,202106,203001,212280.559477085,453896.192014109,37.5872849991,127.1398007291
경기도,구리시,토평동,,567-1,스타벅스 구리토평DT,영업,202112,203001,969049.3619369667,1953661.1130019824,37.5845675457,127.1473004524
경기도,구리시,인창동,,383-101,스타벅스 커피 구리인창점,폐업,201310,202110,212192.754812017,456075.764060989,37.6069405993,127.1388902342
경기도,구리시,갈매동,,596,스타벅스구리갈매역점,영업,201809,203001,210273.098117288,459131.618978126,37.6334080906,127.1172963167
경기도,군포시,금정동,,916,스타벅스 금정에이케이(AK)점,영업,202207,203001,195045.840185728,430029.875659413,37.3728439924,126.9448505005
경기도,군포시,산본동,,111,스타벅스산본사거리점,영업,201812,203001,194236.401472029,430039.545180134,37.3724765923,126.9357839935
경기도,군포시,산본동,,1145-6,스타벅스산본역서부사거리점,영업,202011,203001,193789.410732019,428419.578316283,37.3577955365,126.9306318579
경기도,군포시,산본동,,1132-3,스타벅스산본점,영업,200709,203001,193883.587409531,428731.21613871,37.3606222807,126.9317623258
경기도,군포시,산본동,,1099-1,스타벅스커피산본동점,영업,201205,203001,193678.70297446,429272.847720523,37.3654965243,126.9294330678
경기도,군포시,산본동,,1142-5,스타벅스커피산본역점,영업,201110,203001,193931.175017934,428474.992586875,37.3583082672,126.932287914
경기도,김포시,걸포동,,264-4,스타벅스 김포걸포점,영업,202203,203001,929692.9621684051,1959291.5685660925,37.6331442178,126.7010302519
경기도,김포시,양촌읍,구래리,774-4,스타벅스 김포구래DT점,영업,202207,203001,167054.1192809,459243.695356325,37.6348241019,126.6277066212
경기도,김포시,마산동,,646-1,스타벅스 김포마산역점,영업,202302,203001,168550.059735451,459518.508870583,37.6374974423,126.6444496454
경기도,김포시,양촌읍,석모리,917,스타벅스 김포석모DT점,영업,202008,203001,169042.407777686,461024.445551968,37.6511196737,126.6498933918
경기도,김포시,장기동,,2083-2,스타벅스 김포아이앤씨점,영업,201908,203001,171755.233614049,459646.741581527,37.6388087813,126.6806246812
경기도,김포시,운양동,,1298-1,스타벅스 김포운양점,영업,201506,203001,172063.926690127,461372.693552561,37.6543090488,126.6841727706
경기도,김포시,장기동,,2031,스타벅스 김포장기커낼점,영업,201711,203001,171471.604963288,459839.83969575,37.6405530739,126.6774205372
경기도,김포시,고촌읍,전호리,654,스타벅스 김포현대아울렛3층점,영업,202202,203001,180999.482133785,455254.138222429,37.5972979801,126.7852858447
경기도,김포시,풍무동,,57-1,스타벅스 풍무사거리DT점,영업,202003,203001,175449.919559832,456204.049236597,37.6078271054,126.722793261
경기도,김포시,풍무동,,326-3,스타벅스 풍무역DT점,영업,201912,203001,176723.57624287,456495.418911294,37.6103475242,126.7374845959
경기도,김포시,감정동,,502-20,스타벅스김포감정DT,영업,201709,203001,173126.374191952,458096.922139373,37.6248487423,126.6965635512
경기도,김포시,구래동,,6886-6,스타벅스김포구래점,영업,201810,203001,167285.39175785,460502.685587242,37.645986513,126.6294804128
경기도,김포시,사우동,,246-6,스타벅스김포시청점,영업,201403,203001,175027.714007447,457379.836120732,37.6184216644,126.7179352398
경기도,김포시,구래동,,6880-9,스타벅스김포이마트,영업,201501,203001,167119.660833957,460295.332269763,37.6443463969,126.6282980439
경기도,김포시,장기동,,1608,스타벅스김포장기점,영업,201303,203001,170631.027784782,460255.47457191,37.6441822317,126.6679724536
경기도,김포시,풍무동,,620-11,스타벅스김포풍무DT,영업,201402,203001,175247.76956627,455321.046227098,37.5999884893,126.7205071897
경기도,남양주시,화도읍,묵현리,62-25,스타벅스 남양주묵현DT,영업,202111,203001,982791.3438166837,1962348.3861879404,37.6632296,127.3027378717
경기도,남양주시,삼패동,,146-26,스타벅스 남양주삼패점,영업,202109,203001,217550.349300662,454416.697137693,37.5918599302,127.1995983091
경기도,남양주시,진접읍,연평리,59-3,스타벅스 남양주연평DT점,영업,201904,203001,216275.616869177,467675.408338135,37.7115573022,127.1855351525
경기도,남양주시,진접읍,장현리,230-6,스타벅스 남양주진접DT점,영업,201705,203001,216709.535221011,468962.522878411,37.7228454307,127.1902532825
경기도,남양주시,화도읍,차산리,97-3,스타벅스 남양주화도DT점,영업,202009,203001,226702.531203968,459656.686283033,37.6390473779,127.3032098685
경기도,남양주시,다산동,,6147-2,스타벅스 다산DT,영업,202108,203001,213605.515319112,456946.233650833,37.6147399637,127.1548629315
경기도,남양주시,다산동,,4001-29,스타벅스 다산이마트,영업,202302,203001,213941.170509698,456267.182532575,37.6087490072,127.1589920361
경기도,남양주시,다산동,,6216-4,스타벅스 다산지금점,영업,202002,203001,215326.365114434,455387.649663056,37.6005720589,127.1743343672
경기도,남양주시,다산동,,6058-1,스타벅스 다산진건점,영업,202004,203001,213377.735664805,458090.648881496,37.6248639156,127.1524250058
경기도,남양주시,화도읍,금남리,806-1,스타벅스 더북한강R,영업,202201,203001,986245.4544454487,1956708.3913778341,37.6124528948,127.3420075735
경기도,남양주시,다산동,,3198-68,스타벅스 도농역점,영업,202004,203001,970589.3307848645,1956594.1594583383,37.6110545652,127.1646239678
경기도,남양주시,와부읍,도곡리,504-15,스타벅스 리버사이드팔당DT점,영업,201704,203001,220107.360411224,451671.674854374,37.5671154824,127.228391695
경기도,남양주시,별내동,,824,스타벅스 별내별가람역점,영업,202210,203001,210273.902810107,462842.527509633,37.6679472096,127.1172437596
경기도,남양주시,별내동,,1097-1,스타벅스 별내불암로점,영업,201610,203001,209853.951294477,460900.52671038,37.6504095201,127.1124365485
경기도,남양주시,평내동,,246-2,스타벅스 평내DT점,영업,201507,203001,220640.669895914,460627.844016569,37.6477103821,127.2347299287
경기도,남양주시,호평동,,638,스타벅스 평내호평역점,영업,201304,203001,221365.019315782,461326.761556667,37.6540738962,127.2428924566
경기도,남양주시,별내동,,1015,스타벅스커피 별내점,영업,201501,203001,210810.515761727,460643.399752741,37.648002399,127.1233994736
경기도,동두천시,지행동,,475-1,스타벅스 동두천DT점,영업,201605,203001,204946.672834605,487369.519112197,37.8890727956,127.0569980509
경기도,동두천시,지행동,,693-6,스타벅스지행역점,영업,201904,203001,204633.945134137,487784.26499602,37.8926917176,127.0534734105
경기도,부천시,상동,,539-1,스타벅스 뉴코아부천4층점,영업,201609,203001,178411.442079953,444684.405331659,37.5041752477,126.7566905848
경기도,부천시,상동,,535-5,스타벅스 부천상동역점,영업,202002,203001,178164.089422238,444938.813535045,37.5064035555,126.754145423
경기도,부천시,상동,,544-4,스타벅스 부천상동점,영업,201109,203001,178038.654941912,444806.206937757,37.5052029115,126.7524263231
경기도,부천시,중동,,1031-2,스타벅스 부천시청역점,영업,201308,203001,178942.559566438,444816.402230322,37.5053121194,126.762630499
경기도,부천시,심곡본동,,316-2,스타벅스 부천역사,폐업,201004,201804,180724.082487894,442449.515665699,37.4839571,126.7828033
경기도,부천시,심곡본동,,316-2,스타벅스 부천역점,영업,202304,203001,180724.703317877,442449.069631369,37.4840373391,126.7826449277
경기도,부천시,옥길동,,745-5,스타벅스 부천옥길,영업,202004,203001,184290.240810416,440618.653273516,37.4675034436,126.823377379
경기도,부천시,옥길동,,784-2,스타벅스 부천옥길DT점,영업,202212,203001,183669.681932783,441117.417419204,37.4720497611,126.8161551421
경기도,부천시,원종동,,173,스타벅스 부천원종DT점,영업,202202,203001,182726.151265617,447519.159842523,37.5297546816,126.805431342
경기도,부천시,심곡동,,174-1,스타벅스 부천점,영업,201209,203001,180657.771489919,442562.696376175,37.4850706031,126.7821034308
경기도,부천시,중동,,1300,스타벅스 부천중동센트럴점,영업,202010,203001,179405.695792369,444449.660787061,37.5020280866,126.7679235986
경기도,부천시,중동,,1131-5,스타벅스 부천중동점,영업,201402,203001,180214.407476059,443999.58021599,37.498001172,126.7770472106
경기도,부천시,소사본동,,70-16,스타벅스 소사역점,영업,202301,203001,181791.425357327,442181.403750246,37.4814429576,126.7948737193
경기도,부천시,상동,,464,스타벅스 송내역점,영업,201110,203001,178049.483033206,442933.07230758,37.4883398424,126.752605722
경기도,부천시,옥길동,,768,스타벅스 스타필드부천점,영업,201908,203001,183469.36769705,439944.223220165,37.4614460303,126.8139450028
경기도,부천시,중동,,1132,스타벅스 신중동점,영업,202011,203001,180159.95573503,444253.594800943,37.5002960799,126.7764707327
경기도,부천시,중동,,1149-3,스타벅스 중동디지털프라자점,영업,202111,203001,179647.560235991,444576.875569934,37.5031803717,126.7706050143
경기도,부천시,춘의동,,168-3,스타벅스 춘의역DT점,영업,202012,203001,180954.613759074,444562.980036384,37.5030814771,126.7853930054
경기도,부천시,중동,,1140,스타벅스롯데중동점,폐업,200307,201101,180053.344768654,444507.864924505,37.502485,126.7751605
경기도,부천시,상동,,499-10,스타벅스부천상동DT,영업,202209,203001,178586.508106317,445967.082457239,37.5156883565,126.7585905814
경기도,부천시,상동,,539-1,스타벅스부천소풍점,폐업,200711,201212,178411.442063788,444684.40517583,37.5040335,126.7565745
경기도,부천시,중동,,1110,스타벅스부천스테이트몰점,폐업,200710,201211,180285.453678745,444119.215668757,37.4989852,126.7777947
경기도,부천시,중동,,1058-5,스타벅스부천신중동역점,영업,201506,203001,179960.785170621,444645.969664946,37.5038061201,126.774151467
경기도,부천시,심곡동,,110-5,스타벅스부천심곡DT,영업,201709,203001,180861.491471114,443440.662031781,37.4929082775,126.7844039761
경기도,부천시,중동,,628-14,스타벅스부천중동DT점,영업,201602,203001,179089.322242062,443822.528688319,37.496345057,126.7642911423
경기도,부천시,상동,,572-1,스타벅스부천플레이도시점,영업,200710,203001,177375.852950927,444220.013600334,37.499869098,126.7442661118
경기도,부천시,괴안동,,112-25,스타벅스역곡역DT점,영업,201503,203001,183063.130892373,442392.028667281,37.483520219,126.8093093768
경기도,부천시,중동,,1157,스타벅스중동이마트점,영업,201609,203001,179059.890468202,444675.160533494,37.5040675095,126.7639551478
경기도,부천시,중동,,1164,스타벅스현대중동점,영업,200308,203001,178901.991280584,444701.557193,37.5043171668,126.7620745903
경기도,성남분당구,서현동,,262-1,(주)스타벅스커피코리아,폐업,200308,200802,210809.857252735,431543.871656453,37.3858379,127.122799
경기도,성남분당구,정자동,,4-5,스타벅스 HD현대R&D센터,영업,202301,203001,209217.362934876,430520.678639045,37.3769342707,127.106111136
경기도,성남수정구,창곡동,,560-1,스타벅스 남위례역점,영업,202202,203001,212432.032863257,440287.345515531,37.464515082,127.1411368723
경기도,성남중원구,금광동,,4610,스타벅스 남한산성입구역점,영업,201906,203001,214042.416734209,438631.293307778,37.4496606162,127.1594441758
경기도,성남분당구,정자동,,178-4,스타벅스 네이버1784점,영업,202204,203001,209247.067526,428537.936079393,37.3588585421,127.1052006155
경기도,성남분당구,야탑동,,357-1,스타벅스 뉴코아 야탑점,영업,200802,203001,211200.046775342,434263.681539619,37.4109403922,127.1274822762
경기도,성남분당구,구미동,,11-4,스타벅스 미금역2001아울렛점,영업,202203,203001,209436.079182931,427437.237499513,37.3490770543,127.1074648235
경기도,성남분당구,궁내동,,255-5,스타벅스 분당궁내DT점,영업,202009,203001,208980.33198362,429838.564614808,37.3706113373,127.102146136
경기도,성남분당구,서현동,,263,스타벅스 분당서현역AK R점,영업,202103,203001,210853.833466798,431447.85813153,37.3851007981,127.1227076252
경기도,성남분당구,율동,,300,스타벅스 분당율동공원점,영업,201703,203001,213216.086358956,431322.066322588,37.3839139249,127.1500498025
경기도,성남분당구,정자동,,211,스타벅스 분당이마트점,영업,201105,203001,210542.529800466,428535.664844133,37.3587980632,127.1197565645
경기도,성남분당구,이매동,,146-2,스타벅스 분당이매점,영업,201705,203001,210768.04,432554.340000001,37.3950149714,127.1223980912
경기도,성남분당구,서현동,,254-1,스타벅스 서현미래에셋빌딩점,영업,200804,203001,210845.442254151,431776.486943273,37.3879779874,127.1232693325
경기도,성남분당구,서현동,,261-5,스타벅스 서현앤타운,영업,201205,203001,210707.843513014,431558.520481044,37.3860530327,127.1216974849
경기도,성남분당구,서현동,,248-5,스타벅스 서현역점,영업,201104,203001,210921.448431351,431547.599479153,37.3858531759,127.1240368127
경기도,성남분당구,서현동,,268-6,스타벅스 서현점,폐업,200312,201401,210715.089181848,431278.10075371,37.3834513,127.1217113
경기도,성남중원구,성남동,,3968,스타벅스 성남모란DT점,영업,202201,203001,211740.740358083,436352.197431573,37.4292118337,127.1334387361
경기도,성남수정구,수진동,,4789-1,스타벅스 성남모란삼성프라자점,영업,202203,203001,211276.828486457,436877.411926097,37.4337284679,127.127911934
경기도,성남수정구,태평동,,7336,스타벅스 성남쉐덴,폐업,201009,201502,212442.826578624,438023.009277462,37.4441938,127.1413456
경기도,성남수정구,창곡동,,505,스타벅스 성남위례점,영업,201710,203001,212425.560064934,441216.370400153,37.4730424033,127.1412657466
경기도,성남수정구,태평동,,7336,스타벅스 성남이마트점,영업,201601,203001,212442.882832125,438023.009514472,37.444298149,127.1413917241
경기도,성남분당구,수내동,,17-1,스타벅스 수내역점,영업,201501,203001,210009.698536581,430637.827273289,37.3777619264,127.113821314
경기도,성남분당구,수내동,,10-1,스타벅스 수내점,영업,200610,203001,210042.842544976,430829.13726498,37.3795300021,127.1142414695
경기도,성남수정구,신흥동,,4124,스타벅스 신흥역점,영업,202003,203001,212889.780307968,437694.304837431,37.4413298775,127.146459042
경기도,성남분당구,야탑동,,514-2,스타벅스 야탑역사거리점,영업,202008,203001,211437.663290641,434174.553807773,37.4095876379,127.1301331312
경기도,성남분당구,야탑동,,341,스타벅스 야탑터미널점,영업,201712,203001,211202.148849893,434560.911834998,37.4130939326,127.1272456048
경기도,성남분당구,구미동,,185-4,스타벅스 오리역점,영업,201009,203001,209622.656372297,426298.088112417,37.3386633149,127.1093591614
경기도,성남분당구,정자동,,126-3,스타벅스 정자동점,영업,201606,203001,210033.26,429016.865,37.3631783782,127.1140654539
경기도,성남분당구,정자동,,19-6,스타벅스 정자역점,영업,200601,203001,209385.517788852,429423.778697904,37.3668048455,127.1067400575
경기도,성남분당구,삼평동,,721,스타벅스 판교봇들마을점,폐업,201504,20230,210172.975171826,433516.895629218,37.4037096295,127.1156767979
경기도,성남분당구,삼평동,,617,스타벅스 판교브릿지타워점,영업,201505,203001,208725.418296908,433442.93991998,37.4030693582,127.0992967673
경기도,성남분당구,삼평동,,740,스타벅스 판교아비뉴프랑R점,영업,201806,203001,209983.108079333,432804.509294042,37.397320957,127.1135515109
경기도,성남수정구,시흥동,,296-3,스타벅스 판교아이스퀘어점,영업,202108,203001,208628.019062999,434627.039171448,37.413431799,127.0983036411
경기도,성남분당구,백현동,,530,스타벅스 판교알파돔시티점,영업,201603,203001,209526.962902505,432419.161779872,37.3931510853,127.1091330642
경기도,성남분당구,백현동,,537,스타벅스 판교알파돔타워점,영업,201903,203001,209699.211982644,432464.663675098,37.3942187192,127.1103476504
경기도,성남분당구,삼평동,,670,스타벅스 판교유스페이스점,영업,201910,203001,209403.184110554,433182.472092071,37.4005799752,127.1068799859
경기도,성남분당구,정자동,,7,스타벅스분당정자,영업,201201,203001,209426.674184796,429960.357151272,37.371619638,127.1071666893
경기도,성남분당구,운중동,,943,스타벅스서판교점,영업,201507,203001,206813.31888957,432136.623634142,37.3912944674,127.0777368903
경기도,성남분당구,야탑동,,366-4,스타벅스야탑글라스,영업,201108,203001,211425.052548627,434313.239466121,37.4108667226,127.1298556424
경기도,성남분당구,구미동,,157,스타벅스오리역삼거리,영업,201208,203001,209533.890682103,426450.173468859,37.34004829,127.1084036802
경기도,성남분당구,정자동,,159-3,스타벅스정자,영업,201301,203001,209346.407508788,429208.109375539,37.3648834711,127.1063096542
경기도,성남분당구,정자동,,12-2,스타벅스정자상떼뷰점,영업,200703,203001,209283.343428217,429809.954982981,37.3703074342,127.1056036777
경기도,성남분당구,정자동,,169-1,스타벅스정자아데나,영업,201112,203001,209456.999378587,428761.682082442,37.3608405388,127.1075955341
경기도,성남중원구,중앙동,,208,스타벅스커피 단대오거리역점,영업,201410,203001,213609.401630242,437924.597739501,37.4433639735,127.154588999
경기도,성남분당구,구미동,,300,스타벅스커피 분당서울대병원1층,영업,201303,203001,210937.260614583,427534.279932334,37.3520167812,127.1244991912
경기도,성남분당구,구미동,,300,스타벅스커피 분당서울대병원4층,영업,201303,203001,210937.260614583,427534.279932334,37.3520167812,127.1244991912
경기도,성남분당구,삼평동,,663,스타벅스커피 판교역로점,영업,201407,203001,209794.549885546,432815.345127973,37.397386068,127.111415859
경기도,성남분당구,구미동,,9-1,스타벅스커피미금역사거리점,영업,201403,203001,209526.984726257,427477.243753026,37.3492781995,127.1083218741
경기도,성남분당구,금곡동,,168,스타벅스커피미금역점,영업,201404,203001,209379.607051064,427601.15850135,37.3503543722,127.1066678086
경기도,성남분당구,서현동,,267-3,스타벅스커피분당구청점,영업,201404,203001,210585.183552319,431337.304453493,37.3840744104,127.1202615398
경기도,성남분당구,서현동,,246-1,스타벅스커피서현점,영업,201405,203001,211082.488936963,431540.725712526,37.385886235,127.1259344184
경기도,성남분당구,수내동,,8-1,스타벅스커피수내로점,영업,201401,203001,210255.067144357,430932.56696319,37.3803939752,127.1165977885
경기도,성남분당구,삼평동,,741,스타벅스커피판교역,폐업,201310,202107,209993.600292929,432609.081811328,37.3954464194,127.1136515168
경기도,성남분당구,삼평동,,680,스타벅스판교에이치스퀘어,영업,201110,203001,209549.874547889,433248.085400252,37.4012708935,127.1086502502
경기도,성남분당구,삼평동,,679,스타벅스판교하이펙스,영업,201209,203001,209709.052786603,433248.72151622,37.4012858766,127.1104579421
경기도,수원영통구,영통동,,1024-4,스타벅스 경희대국제 캠퍼스점,영업,201404,203001,206738.63758714,416231.684723974,37.2479703246,127.0767564228
경기도,수원영통구,하동,,871-1,스타벅스 광교갤러리아 9F점,영업,202002,203001,960944.7912627717,1920496.7301460828,37.2853339989,127.0572677088
경기도,수원영통구,원천동,,605,스타벅스 광교더샵레이크시티점,영업,202207,203001,205289.160317374,418886.436433515,37.2722770637,127.0608294612
경기도,수원영통구,이의동,,1336-1,스타벅스 광교엘포트R점,영업,201811,203001,205049.975071918,420565.686783422,37.2870392797,127.0577089754
경기도,수원영통구,이의동,,1257,스타벅스 광교역점,영업,201811,203001,203831.289076957,422059.158335174,37.3005173049,127.0440447929
경기도,수원팔달구,인계동,,363-5,스타벅스 수원KBS DT점,영업,201801,203001,203051.081474937,418792.292636623,37.271088521,127.035199081
경기도,수원팔달구,인계동,,963-11,스타벅스 수원경수인계DT점,영업,202001,203001,202374.877982829,418734.423170623,37.2704363043,127.0275559643
경기도,수원권선구,오목천동,,321-20,스타벅스 수원권선DT점,영업,201709,203001,196740.219451597,416067.352903699,37.2466754026,126.9640209491
경기도,수원권선구,권선동,,1364,스타벅스 수원권선점,영업,201707,203001,202599.794401948,416089.125805678,37.246899359,127.0294393616
경기도,수원권선구,금곡동,,1114-1,스타벅스 수원금곡점,영업,201911,203001,195858.153517145,419228.576806355,37.2749967759,126.9540746531
경기도,수원팔달구,인계동,,1119-9,스타벅스 수원나혜석거리점,영업,202111,203001,202960.204358284,418035.016832603,37.2642338354,127.0341585218
경기도,수원권선구,서둔동,,381,스타벅스 수원롯데백화점2F점,영업,202201,203001,199673.378589066,418025.547756245,37.2641013965,126.9973705173
경기도,수원영통구,하동,,989,스타벅스 수원법조타운점,영업,201812,203001,205823.568119412,421057.602005781,37.291029521,127.0666661168
경기도,수원장안구,율전동,,285-6,스타벅스 수원성균관대점,영업,201301,203001,197408.803348594,421892.546928623,37.29897199,126.9715708684
경기도,수원권선구,세류동,,325-1,스타벅스 수원세류DT점,영업,202004,203001,200920.552956958,417873.166463528,37.2627893929,127.0112509237
경기도,수원권선구,세류동,,1163-2,스타벅스 수원세류역DT점,영업,202105,203001,201459.332357084,415763.796340812,37.2436770012,127.0171584218
경기도,수원권선구,권선동,,1023,스타벅스 수원시청점,폐업,201105,202105,202701.065840926,417715.351882346,37.2614369754,127.0312322931
경기도,수원팔달구,매산동,,18,스타벅스 수원역AK R점,영업,202110,203001,199920.194662903,418246.927112644,37.2656360259,127.000033255
경기도,수원장안구,연무동,,247-16,스타벅스 수원연무DT점,영업,201909,203001,202475.526984807,421134.605860922,37.2922365884,127.028717129
경기도,수원권선구,권선동,,1189,스타벅스 수원이마트점,영업,200112,203001,201782.733115582,416501.699707548,37.2504974396,127.0208246964
경기도,수원장안구,정자동,,79-7,스타벅스 수원정자사거리DT점,영업,202211,203001,200287.264935293,421022.694554993,37.2912072252,127.0040158811
경기도,수원장안구,송죽동,,506-2,스타벅스 수원종합운동장점,영업,202111,203001,200709.964197603,422148.069630048,37.301322644,127.0087788189
경기도,수원장안구,천천동,,524-4,스타벅스 수원천천점,영업,201802,203001,198394.651596664,421700.373911859,37.2972904273,126.9826850362
경기도,수원영통구,영통동,,1046-4,스타벅스 수원청명점,영업,202208,203001,206871.299962032,416963.513323882,37.2546010607,127.078286779
경기도,수원권선구,금곡동,,1077,스타벅스 수원호매실점,영업,201806,203001,194646.914639846,419291.253978224,37.2761926571,126.9399324701
경기도,수원팔달구,우만동,,58-32,스타벅스 아주대점,영업,201207,203001,203777.16251345,419745.57021764,37.2796474995,127.0433698116
경기도,수원영통구,영통동,,981-2,스타벅스 영통R점,영업,201901,203001,205421.24649796,415910.045603608,37.2451399847,127.0619002742
경기도,수원팔달구,인계동,,1114-1,스타벅스뉴코아동수원점,폐업,200112,201208,202973.411454839,418262.114394234,37.2662986444,127.0343149778
경기도,수원장안구,파장동,,469-4,스타벅스북수원IC DT점,영업,201808,203001,199801.843050476,422867.506310051,37.3077609953,126.9986147341
경기도,수원팔달구,매산동,,53-9,스타벅스수원매산점,영업,200608,203001,200184.173291412,418393.06389151,37.2674411484,127.0027281574
경기도,수원팔달구,매산동,,18,스타벅스수원역점,폐업,200302,200909,199920.315059193,418246.163173145,37.2673114745,126.9997627732
경기도,수원영통구,영통동,,958-2,스타벅스수원영통점,영업,201204,203001,206521.718164127,417068.663604595,37.2555242912,127.0743122195
경기도,수원팔달구,인계동,,1038-2,스타벅스수원인계점,영업,201209,203001,202847.255175582,418176.830110684,37.2655359379,127.0329098973
경기도,수원영통구,이의동,,1240,스타벅스커피 광교이마트점,영업,201508,203001,204159.790041271,421622.575799907,37.2963728697,127.0469017985
경기도,수원영통구,이의동,,1332,스타벅스커피 수원광교,영업,201505,203001,204409.226022404,420967.617798492,37.2915640479,127.0504732206
경기도,수원영통구,망포동,,38-23,스타벅스커피 수원망포디티점,영업,201511,203001,204485.542318134,415997.234308927,37.2458756975,127.0513536135
경기도,수원팔달구,인계동,,1019,스타벅스커피 수원인계DT점,영업,201409,203001,202408.837145502,418444.604865334,37.2679320219,127.0279550823
경기도,수원팔달구,우만동,,153-20,스타벅스커피동수원DT점,영업,201509,203001,202922.889449892,419577.530817874,37.2781399582,127.0335539519
경기도,수원영통구,망포동,,322-3,스타벅스커피수원망포역점,영업,201304,203001,204894.596571785,415913.666015514,37.2451623291,127.0558002667
경기도,수원영통구,신동,,507-1,스타벅스커피수원트레이더스점,영업,201408,203001,960159.8500352053,1916148.6846993002,37.2461087859,127.048646153
경기도,수원팔달구,인계동,,1132-12,스타벅스커피코리아 수원이비스(IBIS)점,영업,201502,203001,202711.35924603,417476.017840307,37.2592288794,127.031313641
경기도,시흥시,정왕동,,1738-6,스타벅스 커피 시화로데오점,영업,201210,203001,176656.503663183,426991.783820639,37.3446738855,126.7373343117
경기도,시흥시,정왕동,,1772-28,스타벅스배곧신도시점,영업,201801,203001,932025.4242128258,1929989.3699118881,37.3692258093,126.7301741831
경기도,시흥시,정왕동,,1771-31,스타벅스배곧아브뉴프랑점,영업,202001,203001,931913.4250289121,1929877.3673432183,37.3682081085,126.7289197215
경기도,시흥시,능곡동,,871,스타벅스시흥능곡역점,영업,202204,203001,182864.742763587,429902.071373508,37.3710186339,126.8072928232
경기도,시흥시,대야동,,501-3,스타벅스시흥대야DT,영업,202001,203001,181142.009201749,437752.466253138,37.4417134742,126.7877292347
경기도,시흥시,대야동,,546-1,스타벅스시흥대야동점,영업,202004,203001,181513.941234036,437742.733728866,37.4416303808,126.7919013699
경기도,시흥시,대야동,,532-1,스타벅스시흥대야점,영업,201710,203001,181414.40198377,437998.763759701,37.4439490409,126.7907603419
경기도,시흥시,조남동,,651,스타벅스시흥목감DT점,영업,202012,203001,186661.789838316,430651.591709491,37.3779763471,126.8500140178
경기도,시흥시,월곶동,,1008,스타벅스시흥월곶점,영업,202111,203001,176827.522044341,431957.558237848,37.3892864167,126.7393452427
경기도,시흥시,은행동,,646-4,스타벅스시흥은계점,영업,202008,203001,182377.715606346,437291.014671068,37.4375240428,126.8016387672
경기도,시흥시,장곡동,,260-21,스타벅스시흥장현점,영업,202207,203001,181268.875221092,430651.776551747,37.3782036814,126.7892564912
경기도,시흥시,정왕동,,1772-7,스타벅스시흥프리미엄아울렛1층점,영업,201704,203001,932644.4115346789,1931146.3883885604,37.3796992102,126.7370588161
경기도,시흥시,정왕동,,1772-7,스타벅스시흥프리미엄아울렛3층점,영업,201704,203001,932644.4115346789,1931146.3883885604,37.3796992102,126.7370588161
경기도,안산상록구,사동,,1639,스타벅스,폐업,201210,201210,185029.298232779,419781.472977914,37.2805095,126.8321313
경기도,안산단원구,고잔동,,533-1,스타벅스 안산고잔센트럴타워점,영업,201806,203001,185238.250233791,424118.821105048,37.3189568369,126.8342480722
경기도,안산단원구,고잔동,,771-3,스타벅스 안산문화광장,영업,201311,203001,184925.818678247,423160.666992721,37.3101756305,126.8307369519
경기도,안산상록구,이동,,721,스타벅스 안산삼성프라자,영업,202110,203001,186443.448620029,422699.708409701,37.306350325,126.8478777189
경기도,안산단원구,고잔동,,519-1,스타벅스 안산상공회의소점,영업,201710,203001,184541.48023096,424099.90238406,37.318939487,126.8264043954
경기도,안산단원구,고잔동,,539-1,스타벅스 안산중앙점,영업,201309,203001,185537.345,424095.65,37.318732414,126.8376245833
경기도,안산상록구,이동,,715-2,스타벅스 안산한대앞역,영업,201309,203001,186743.469779199,422970.934105798,37.3086493157,126.8512432313
경기도,안산상록구,사동,,1569-1,스타벅스 안산한양대,영업,201308,203001,185588.537243337,422112.786810636,37.300951655,126.8382431744
경기도,안산단원구,초지동,,742-6,스타벅스고잔이마트점,영업,201411,203001,183377.543937866,422364.168086117,37.3027990562,126.8128612961
경기도,안산단원구,고잔동,,541,스타벅스안산중앙역점,영업,200708,203001,185523.919813512,423927.203918079,37.317405178,126.8372299394
경기도,안산단원구,고잔동,,536,스타벅스커피안산고잔점,폐업,201204,201905,185198.845046224,424038.229614973,37.3181476,126.8337723
경기도,안산단원구,신길동,,1687,스타벅스커피안산트레이더스점,영업,201204,203001,180873.786214121,425492.088360076,37.3311715243,126.7849927694
경기도,안산상록구,사동,,1639,항공전음식부스(스타벅스커피),폐업,201104,201105,185029.298232779,419781.472977914,37.2805095,126.8321313
경기도,안성시,공도읍,진사리,354,스타벅스 스타필드안성R점,영업,202009,203001,213062.918998049,388093.036705258,36.9945235041,127.1471670216
경기도,안성시,계동,,161,스타벅스 안성계동DT점,영업,202105,203001,223754.831555781,387194.926674313,36.9860408131,127.2678453673
경기도,안성시,공도읍,마정리,147-8,스타벅스 안성공도DT점,영업,201908,203001,217794.549635882,389784.373426129,37.0094453199,127.2007705755
경기도,안성시,공도읍,만정리,302-9,스타벅스 안성서동대로DT점,영업,202208,203001,216138.62213654,389244.399838166,37.0048174369,127.182085952
경기도,안성시,석정동,,254-3,스타벅스 안성석정DT점,영업,201812,203001,223252.611783833,389891.920590875,37.0104495119,127.2621171856
경기도,안성시,대천동,,57,스타벅스커피 안성중앙로점,폐업,201310,202009,224030.544744944,389581.771815312,37.007527846,127.2707698959
경기도,안양만안구,안양동,,1410,스타벅스 명학역점,영업,202005,203001,950158.542785336,1931518.6551291333,37.3841629453,126.9348492461
경기도,안양동안구,호계동,,1002-6,스타벅스 안양덕현DT점,영업,202208,203001,196408.706570799,429913.27246187,37.3713016828,126.9602216993
경기도,안양동안구,호계동,,1042-1,스타벅스 안양범계점,영업,202005,203001,195837.00631363,432179.152768616,37.3917151775,126.953760305
경기도,안양동안구,비산동,,580-6,스타벅스 안양비산DT점,영업,201507,203001,950882.5344181454,1932454.6733546222,37.3926382972,126.9429647866
경기도,안양만안구,안양동,,88-1,스타벅스 안양역R,영업,201910,203001,949121.5058668103,1933440.6547220426,37.4014300883,126.9230030459
경기도,안양동안구,비산동,,1054,스타벅스 안양운동장사거리DT점,영업,201806,203001,195431.111940322,433230.360392755,37.4012036781,126.9492398367
경기도,안양동안구,호계동,,714-5,스타벅스 안양호계DT,영업,201609,203001,196042.239147115,429386.302636043,37.3665237948,126.956156468
경기도,안양동안구,관양동,,902,스타벅스 평촌역DT점,영업,202001,203001,197417.163699682,432728.69323078,37.396717824,126.9716197362
경기도,안양동안구,관양동,,1746,스타벅스 평촌역사거리점,영업,201505,203001,196802.03700246,432668.465071353,37.396100597,126.964653374
경기도,안양동안구,호계동,,1065-2,스타벅스 평촌호계,영업,201609,203001,196354.463425941,431213.280088232,37.3830080437,126.9596746722
경기도,안양동안구,호계동,,555-45,스타벅스 호계지식산업센터점,영업,202002,203001,195399.644863837,430086.453538319,37.3728807709,126.9488596807
경기도,안양동안구,호계동,,1039,스타벅스범계역점,영업,201711,203001,195544.974046367,432016.783362963,37.3899508706,126.950384069
경기도,안양만안구,석수동,,385-9,스타벅스안양석수DT점,영업,201506,203001,947415.4431016388,1936732.6551361142,37.4310062589,126.9034932887
경기도,안양만안구,안양동,,674-81,스타벅스안양역점,영업,201509,203001,949047.5071260061,1933317.6526456806,37.4003173623,126.9221755008
경기도,안양동안구,비산동,,411-8,스타벅스안양이마트점,영업,202104,203001,950208.519618312,1933090.6682632281,37.3983346986,126.9353077463
경기도,안양만안구,안양동,,674-170,스타벅스안양일번가점,영업,200209,203001,949182.5100761259,1933191.6536764067,37.3991891224,126.9237094156
경기도,안양동안구,관양동,,1603,스타벅스커피 평촌로데오점,영업,201503,203001,196443.181873201,432317.15080843,37.3929819583,126.9607102185
경기도,안양동안구,호계동,,1044-8,스타벅스커피(범계로데오),영업,201106,203001,195951.714251929,432159.385640967,37.3914600425,126.9551177987
경기도,안양동안구,관양동,,1502-6,스타벅스커피(인덕원역),영업,201301,203001,197818.111875523,433137.578437473,37.4003344455,126.976147584
경기도,안양동안구,관양동,,1591,스타벅스평촌아크로점,영업,200704,203001,196080.532197962,432244.867412549,37.3923317778,126.9565123356
경기도,양주시,고읍동,,109,스타벅스 양주고읍DT,영업,202006,203001,206913.029868327,477891.074932868,37.8034855626,127.0793655312
경기도,양주시,광사동,,653-1,스타벅스 양주고읍점,영업,201508,203001,206900.351497689,476907.429568821,37.7946697876,127.0791088483
경기도,양주시,광사동,,342-7,스타벅스 양주광사DT점,영업,201807,203001,206331.543059742,476462.205626624,37.7907443611,127.0727935791
경기도,양주시,덕정동,,223-8,스타벅스 양주덕정역DT점,영업,201903,203001,205488.508187277,481741.628245919,37.83825259,127.0629845993
경기도,양주시,장흥면,교현리,112-2,스타벅스 양주송추DT점,영업,201912,203001,197557.905598918,468348.612770823,37.7175953858,126.9731160789
경기도,양주시,옥정동,,1036-7,스타벅스 양주옥정공원점,영업,202106,203001,208514.845620454,479857.819239391,37.8212241008,127.0976263047
경기도,양주시,옥정동,,963-18,스타벅스 양주옥정타운,영업,201906,203001,208211.569409,479559.894066587,37.8185529608,127.0940504571
경기도,양주시,회정동,,130-13,스타벅스 양주회정DT점,영업,202208,203001,204753.166923373,481895.073800773,37.8395915988,127.054714291
경기도,양평군,양평읍,공흥리,494,스타벅스 경기양평점,영업,201808,203001,244140.663053187,443326.395112011,37.491055496,127.49994347
경기도,양평군,양평읍,양근리,501-3,스타벅스 더양평DTR점,영업,202007,203001,242527.806180111,443988.866408617,37.4970391586,127.4816955307
경기도,여주시,점봉동,,429-1,스타벅스 여주DT점,영업,201810,203001,256551.970562514,418431.660964619,37.2660878993,127.6384874675
경기도,여주시,상거동,산,15-1,스타벅스 여주P.아울렛입구점,영업,200904,203001,1010200.2405872376,1915708.4174537617,37.2429400114,127.6128622581
경기도,여주시,상거동,산,15-1,스타벅스 여주P.아울렛점,영업,200705,203001,1010200.2405872376,1915708.4174537617,37.2429400114,127.6128622581
경기도,여주시,가남읍,삼군리,468-4,스타벅스 여주자유CC,영업,202202,203001,250114.357887832,412420.976608934,37.2082907385,127.5631897545
경기도,오산시,원동,,767-4,스타벅스 오산원동DT점,영업,202205,203001,206485.71457012,404710.004760671,37.1441810527,127.0738672881
경기도,오산시,외삼미동,,119-5,스타벅스서동탄DT점,영업,202207,203001,205704.03430697,410605.114654045,37.1974400851,127.0649705567
경기도,오산시,갈곶동,,245,스타벅스오산갈곶DT점,영업,201810,203001,206274.043260479,403031.921376107,37.1291904166,127.0713395056
경기도,오산시,금암동,,516-4,스타벅스오산세교점,영업,202005,203001,203958.096859208,408308.076476471,37.1766616731,127.0454998904
경기도,오산시,수청동,,78-5,스타벅스오산수청DT점,영업,202012,203001,205856.791876121,406800.037882072,37.1629675068,127.0666886999
경기도,오산시,원동,,119-137,스타벅스커피오산아이씨(IC)디티(DT)점,영업,201505,203001,206748.943157181,404525.2394439,37.1426684229,127.0768709244
경기도,오산시,원동,,231-16,스타벅스커피코리아오산시청점,영업,201502,203001,206523.783745807,405184.738821014,37.1485632521,127.0742368307
경기도,용인기흥구,구갈동,,581-1,스타벅스 강남대점,영업,201007,203001,211118.173754747,418801.766482142,37.2710681196,127.1261422767
경기도,용인수지구,상현동,,1119-1,스타벅스 광교중앙로점,영업,201308,203001,206062.913567458,421895.047057391,37.2990521113,127.069192673
경기도,용인기흥구,구갈동,,234,스타벅스 기흥역AK R점,영업,201905,203001,966209.8501145991,1919270.7989911993,37.2744903299,127.1167181784
경기도,용인기흥구,농서동,,452,스타벅스 기흥테라타워점,영업,202202,203001,206320.323936435,414389.317976236,37.2313941963,127.071911457
경기도,용인기흥구,중동,,833,스타벅스 동백이마트점,영업,202008,203001,213383.977793755,419575.34117754,37.2779963615,127.1515897965
경기도,용인수지구,풍덕천동,,1078,스타벅스 수지구청역점,영업,202210,203001,208336.644254501,424568.781762635,37.3231017192,127.0948684138
경기도,용인수지구,성복동,,63-1,스타벅스 수지성복역점,영업,202106,203001,207038.477901087,423426.328483474,37.3128288741,127.0802075154
경기도,용인수지구,신봉동,,909,스타벅스 수지이마트점,영업,201011,203001,207318.572861803,424204.581779995,37.3197625692,127.0833291279
경기도,용인수지구,죽전동,,1285,스타벅스 신세계경기점,영업,200703,203001,209514.367988403,424782.528523847,37.3250031722,127.1081092919
경기도,용인기흥구,고매동,,889,스타벅스 용인고매동점,영업,202004,203001,210124.077461246,413542.129882444,37.2234180272,127.1142489591
경기도,용인기흥구,상하동,,461-2,스타벅스 용인동백DT점,영업,201605,203001,212454.474773504,419188.613274904,37.2745852107,127.1412395562
경기도,용인처인구,모현읍,,왕산리,스타벅스 용인모현DT점,영업,202304,203001,222023.656630364,427469.9064786,37.3489488477,127.2492884095
경기도,용인기흥구,보라동,,376-6,스타벅스 용인보라DT점,영업,201806,203001,209195.202568541,417077.580963729,37.2555834907,127.104375717
경기도,용인기흥구,보정동,,381-1,스타벅스 용인보정DT점,영업,202006,203001,209190.894895532,424391.795756712,37.3214745579,127.1041434452
경기도,용인기흥구,보정동,,1263,스타벅스 용인보정점,영업,201301,203001,209753.306645746,424231.599979607,37.3200530391,127.110380987
경기도,용인기흥구,상하동,,246-1,스타벅스 용인상하DT점,영업,201904,203001,212562.093129975,417534.039606296,37.259661285,127.1423027603
경기도,용인기흥구,중동,,724-7,스타벅스 용인세브란스병원점,영업,202002,203001,212965.239500471,418770.382686716,37.2707754145,127.1482844761
경기도,용인처인구,삼가동,,197-7,스타벅스 용인시청DT,영업,201607,203001,215109.051675459,415386.813135046,37.2403643486,127.1709861294
경기도,용인기흥구,언남동,,239,스타벅스 용인언남점,영업,202005,203001,210745.57131955,421176.733589216,37.2925894199,127.1220418769
경기도,용인수지구,죽전동,,887,스타벅스 용인죽전역R점,영업,201905,203001,965593.7517382964,1925569.8389167397,37.3312452933,127.1094765901
경기도,용인기흥구,영덕동,,986-3,스타벅스 용인흥덕DT점,영업,202204,203001,206305.851045851,419211.16314517,37.2748591478,127.0717895335
경기도,용인수지구,죽전동,,1285,스타벅스 죽전CGV점,폐업,200703,202204,209514.367988403,424782.528523847,37.3250031722,127.1081092919
경기도,용인수지구,죽전동,,1282,스타벅스 죽전이마트점,영업,200509,203001,209673.343954233,424823.677745145,37.3253249176,127.1100038667
경기도,용인기흥구,보라동,,145-3,스타벅스 한국민속촌DT점,영업,202201,203001,210286.96877448,417102.59675022,37.2558769672,127.1168688848
경기도,용인기흥구,보정동,,1019-568,스타벅스구성트레이더스점,영업,201011,203001,209243.914102046,422542.543014576,37.3039712756,127.1046527186
경기도,용인처인구,김량장동,,177-1,스타벅스용인김량장DT점,영업,201909,203001,218601.74913377,415322.076635234,37.2395753037,127.2105627176
경기도,용인기흥구,마북동,,502-152,스타벅스용인마북DT점,영업,201509,203001,209720.79250448,421419.360361644,37.2946517654,127.1103540734
경기도,용인처인구,마평동,,637-2,스타벅스용인마평DT점,영업,202101,203001,219166.320731211,414656.251397406,37.2335959876,127.2167747393
경기도,용인처인구,포곡읍,,전대리,스타벅스용인에버랜드,영업,201906,203001,219138.424611781,420903.964757574,37.2899600847,127.216586166
경기도,용인처인구,역북동,,504-13,스타벅스용인역북점,영업,202204,203001,216686.158763357,414498.717279273,37.2322368905,127.1888445491
경기도,용인처인구,남사읍,,아곡리,스타벅스용인한숲시티점,영업,202302,203001,215347.334313907,405653.971545843,37.1525017836,127.1734393074
경기도,용인수지구,죽전동,,1335-1,스타벅스죽전단국대점,영업,201901,203001,211001.541952792,424721.46975649,37.3244176297,127.1249074541
경기도,용인수지구,동천동,,946-2,스타벅스커피 수지동천점,영업,201410,203001,207994.2650405,425998.124418042,37.335978261,127.0910062417
경기도,용인수지구,성복동,,76-2,스타벅스커피 수지성복DT점,영업,201408,203001,206951.755756515,423564.471570682,37.3140782525,127.0792074454
경기도,용인기흥구,신갈동,,733,스타벅스커피 용인기흥구청점,영업,201405,203001,209711.832402632,419989.558386569,37.2811840982,127.1100963762
경기도,용인수지구,죽전동,,1191-2,스타벅스커피 죽전점,영업,201407,203001,210985.43219531,425505.727440687,37.3315020682,127.1247593538
경기도,용인기흥구,영덕동,,522-2,스타벅스커피수원IC DT점,영업,201401,203001,206550.846428051,418354.710264692,37.2671091086,127.0748334952
경기도,용인수지구,풍덕천동,,1080-11,스타벅스커피수지풍덕천점,영업,201511,203001,208373.03078927,424467.809661304,37.3221747359,127.0952909979
경기도,용인처인구,김량장동,,295-10,스타벅스커피용인처인구청,영업,201307,203001,217934.748225427,414761.554825552,37.2346077173,127.2029381618
경기도,의왕시,내손동,,416-3,스타벅스 의왕내손점,영업,202012,203001,197883.320814488,431892.96613804,37.3890794467,126.9768585218
경기도,의왕시,학의동,,1039,스타벅스 의왕롯데몰점,영업,202109,203001,200775.6096513,430435.021970577,37.3761856842,127.0095560224
경기도,의왕시,삼동,,105-2,스타벅스 의왕삼동DT점,영업,202303,203001,196149.960808782,423832.086926049,37.3165116526,126.9573408606
경기도,의왕시,청계동,,829-4,스타벅스 의왕청계DT점,영업,202001,203001,199787.16438548,431808.243699666,37.3884065438,126.9983831778
경기도,의왕시,포일동,,664-2,스타벅스 의왕포일점,영업,201704,203001,198547.930744254,432674.976399617,37.3961523022,126.9844014451
경기도,의정부시,의정부동,,168-54,스타벅스 신세계의정부2층점,영업,201204,203001,204011.301931196,470564.015529834,37.7379343921,127.045835705
경기도,의정부시,의정부동,,168-54,스타벅스 신세계의정부6층점,영업,201204,203001,204011.301931196,470564.015529834,37.7379343921,127.045835705
경기도,의정부시,의정부동,,196-12,스타벅스 의정부공원점,영업,201711,203001,204150.462775061,470843.502233654,37.7400599131,127.0477635405
경기도,의정부시,민락동,,805,스타벅스 의정부민락점,영업,201708,203001,208228.520689409,471445.862093797,37.7454473184,127.0941209284
경기도,의정부시,민락동,,803,스타벅스 의정부민락타운점,영업,202006,203001,208627.776413231,471251.468626339,37.7440495125,127.0991681664
경기도,의정부시,용현동,,313-3,스타벅스 의정부송산역DT점,영업,202301,203001,207484.376341247,470859.313437751,37.7401541904,127.0856714829
경기도,의정부시,신곡동,,263-7,스타벅스 의정부신곡DT점,영업,201906,203001,205556.258742635,469381.434136985,37.7268715065,127.063969006
경기도,의정부시,의정부동,,543-6,스타벅스 의정부예술의전당DT점,영업,201812,203001,203352.584720945,470068.31129534,37.7330757405,127.0387383594
경기도,의정부시,용현동,,189-4,스타벅스 의정부용현DT점,영업,201806,203001,207354.172648007,469770.1521406,37.7303697755,127.0842393695
경기도,의정부시,민락동,,849,스타벅스 의정부이마트,영업,202010,203001,208951.542114843,471192.156816017,37.7431860471,127.1023622658
경기도,의정부시,장암동,,214-49,스타벅스 의정부장암DT,영업,202012,203001,204750.937708848,466307.099631495,37.6992199552,127.0546364132
경기도,의정부시,의정부동,,195-8,스타벅스 의정부중앙점,폐업,200811,201811,204173.286655306,470792.870947861,37.739517,127.0480695
경기도,의정부시,호원동,,433-1,스타벅스 의정부회룡역DT점,영업,201612,203001,204115.833109912,468885.164705643,37.7223933708,127.0476099876
경기도,의정부시,금오동,,474-2,스타벅스커피 의정부금오점,영업,201307,203001,206143.881569375,472271.374982574,37.7529166179,127.0704797165
경기도,의정부시,녹양동,,93-1,스타벅스커피 의정부녹양DT,영업,201512,203001,203577.772502019,472924.182659741,37.7585709745,127.0402375859
경기도,이천시,사음동,,572-1,스타벅스 이천사음DT점,영업,201709,203001,236100.747787558,421988.723559772,37.2990432545,127.4080071426
경기도,이천시,증포동,,217-5,스타벅스 이천증포DT점,영업,201902,203001,240463.675646676,421741.587511186,37.2968628648,127.4572600534
경기도,이천시,중리동,,218-5,스타벅스 이천터미널,영업,201202,203001,239514.789592958,419668.539509834,37.2782355291,127.4463739036
경기도,이천시,부발읍,아미리,726-5,스타벅스커피 이천하이닉스점,영업,201308,203001,243399.342452363,416842.326485657,37.2524851671,127.4899753355
경기도,이천시,마장면,목리,산,스타벅스커피마장휴게소,폐업,201303,20230,236094.101912691,418052.206218779,37.2627442492,127.408479871
경기도,파주시,탄현면,법흥리,1790-8,스타벅스 파주P.아울렛 1F,영업,201908,203001,173172.828879481,474158.9428211,37.7693560552,126.6965126169
경기도,파주시,탄현면,법흥리,1790-8,스타벅스 파주P.아울렛 3F,영업,201103,203001,173172.828879481,474158.9428211,37.7693560552,126.6965126169
경기도,파주시,와동동,,1538-1,스타벅스 파주가람점,영업,202212,203001,178761.345229363,470416.942071728,37.7359719605,126.7598720723
경기도,파주시,금촌동,,986-1,스타벅스 파주금릉역,영업,201311,203001,179303.214132105,472207.242339289,37.7521434534,126.7659543548
경기도,파주시,금촌동,,59-10,스타벅스 파주금촌역점,영업,201806,203001,180036.263554788,473522.786140064,37.7638938251,126.7742510527
경기도,파주시,파주읍,봉서리,473-3,스타벅스 파주문산DT점,영업,202108,203001,181364.782311134,482674.425614372,37.8464716394,126.7891161548
경기도,파주시,목동동,,933-2,스타벅스 파주산내점,영업,202103,203001,176627.074328443,469608.561762603,37.7286339286,126.7356491927
경기도,파주시,야당동,,921,스타벅스 파주야당DT점,영업,202011,203001,178738.227936653,466809.301127738,37.7034332124,126.7596625768
경기도,파주시,야당동,,1066-3,스타벅스 파주야당역,영업,201806,203001,178736.056191179,467788.75554979,37.7123018898,126.7596197263
경기도,파주시,동패동,,1763,스타벅스 파주운정이마트점,영업,202009,203001,177453.945515036,467576.438594292,37.7103889772,126.7450715864
경기도,파주시,동패동,,1758,스타벅스커피 파주운정점,영업,201404,203001,177399.189379121,467765.114929425,37.7120525216,126.744464748
경기도,평택시,평택동,,185-568,스타벅스 AK평택역사,폐업,200904,201407,207523.442711596,387674.877266816,36.9908263,127.0858712
경기도,평택시,고덕동,,1695,스타벅스 평택고덕삼성점,영업,202302,203001,205276.542163998,392561.65560657,37.0357005222,127.0533464784
경기도,평택시,독곡동,,386-1,스타벅스 평택독곡DT점,영업,202303,203001,205530.449068548,398341.479742382,37.0870641536,127.0631268076
경기도,평택시,비전동,,17-1,스타벅스 평택비전DT점,영업,202304,203001,209229.753980958,389944.134279064,37.0111650842,127.1046008146
경기도,평택시,서정동,,813-2,스타벅스 평택서정DT점,영업,201907,203001,205580.037858554,396034.406174512,37.0659813659,127.0635402118
경기도,평택시,세교동,,425,스타벅스 평택세교DT점,영업,202108,203001,206931.163660618,389530.933681151,37.0073533265,127.0787798435
경기도,평택시,안중읍,현화리,649-4,스타벅스 평택안중DT점,영업,201912,203001,192219.128827317,387696.383896402,36.9908851581,126.9133982814
경기도,평택시,지제동,,50,스타벅스 평택이마트점,영업,202203,203001,206675.071220529,391060.040415712,37.0211066578,127.0755336861
경기도,평택시,죽백동,,479-7,스타벅스 평택죽백DT점,영업,202006,203001,210021.063341451,390249.408148405,37.0138084916,127.113478702
경기도,평택시,청북읍,옥길리,1157-1,스타벅스 평택청북DT점,영업,202202,203001,192365.442972133,390949.465293441,37.020162215,126.9149494816
경기도,평택시,평택동,,291,스타벅스커피 평택로데오점,영업,201508,203001,207810.302859873,387830.462917531,36.9919640634,127.0885628709
경기도,평택시,평택동,,185-579,스타벅스커피평택AK프라자,영업,201412,203001,207577.558056715,387700.245776573,36.9919006082,127.0832927297
경기도,평택시,서정동,,847-5,스타벅스커피평택송탄점,영업,201305,203001,205528.05812306,396087.120862705,37.0664840828,127.0629748969
경기도,평택시,고덕동,,2158-2,스타벅스평택고덕점,영업,202201,203001,204461.989818004,393162.93349942,37.0401356015,127.0509703372
경기도,평택시,용이동,,606-2,스타벅스평택대DT점,영업,202012,203001,211916.177771608,387974.923255117,36.9933588853,127.134664576
경기도,평택시,비전동,,1103-1,스타벅스평택비전점,영업,201906,203001,210072.869932937,388588.911600578,36.9988829632,127.1141723936
경기도,평택시,이충동,,76-3,스타벅스평택이충DT점,영업,202206,203001,206780.592743104,394489.094417633,37.0519051789,127.0771166818
경기도,포천시,소흘읍,직동리,330,스타벅스 광릉수목원점,영업,202302,203001,214477.78080916,474932.752933426,37.7764869576,127.1652293185
경기도,포천시,선단동,,557,스타벅스 포천DT점,영업,201712,203001,214164.747276289,482885.558835232,37.8483660765,127.1618129319
경기도,포천시,소흘읍,이동교리,400-4,스타벅스 포천호국로DT,영업,202210,203001,211162.350912133,477066.216353813,37.7960488165,127.12728342
경기도,포천시,소흘읍,송우리,146-1,스타벅스커피 포천송우점,폐업,201307,202107,212661.921521677,480541.371992697,37.8273509102,127.1446026684
경기도,하남시,망월동,,1100,스타벅스 미사역그랑파사쥬점,영업,202203,203001,216873.670459282,451296.310681802,37.5637265182,127.1917398667
경기도,하남시,망월동,,1125,스타벅스 미사역파라곤스퀘어점,영업,202203,203001,217057.174856799,451355.879802577,37.5651572661,127.1942817119
경기도,하남시,망월동,,1081,스타벅스 미사역효성점,영업,201906,203001,216753.071849967,451631.467982946,37.5668146897,127.1904136102
경기도,하남시,학암동,,660,스타벅스 스타필드위례 1FR,영업,201812,203001,213056.041875501,441993.377546086,37.4801127045,127.1484593147
경기도,하남시,신장동,,616,스타벅스 스타필드하남 1F(티바나),영업,201608,203001,219699.010520355,449270.371200837,37.545418129,127.2237611843
경기도,하남시,신장동,,616,스타벅스 스타필드하남2FR,영업,201608,203001,219699.010520355,449270.371200837,37.545418129,127.2237611843
경기도,하남시,신장동,,616,스타벅스 신세계하남 2F,영업,201608,203001,219699.010520355,449270.371200837,37.545418129,127.2237611843
경기도,하남시,감이동,,512,스타벅스 하남감일점,영업,202210,203001,213626.321165845,445022.753828606,37.5073168268,127.1549055299
경기도,하남시,덕풍동,,741-2,스타벅스 하남덕풍점,영업,201908,203001,218415.483230535,450017.863681063,37.5522424305,127.2091767504
경기도,하남시,망월동,,1066-3,스타벅스 하남미사DT점,영업,201907,203001,216346.679158009,450872.911284109,37.5599611977,127.1857884203
경기도,하남시,망월동,,700-4,스타벅스 하남미사점,영업,201704,203001,972222.4119603275,1951993.1466194214,37.5696350871,127.1833018088
경기도,하남시,신장동,,564-5,스타벅스 하남시청역점,영업,202112,203001,218315.123637968,448815.508568607,37.5414321969,127.2079735772
경기도,하남시,신장동,,524-4,스타벅스 하남시청점,영업,201402,203001,219015.87199809,448715.201489108,37.5405143136,127.2159800925
경기도,하남시,덕풍동,,735,스타벅스 하남풍산역,영업,202104,203001,218126.795434192,450160.062495149,37.5535504618,127.2059676719
경기도,하남시,풍산동,,527-1,스타벅스 하남황산사거리점,영업,202005,203001,216397.787744469,449859.673405934,37.5508949352,127.1863019723
경기도,하남시,덕풍동,,419-43,스타벅스커피 하남신장점,영업,201501,203001,217957.626532961,448477.113699633,37.5383847032,127.2039897688
경기도,화성시,영천동,,281,스타벅스 동탄IX타워점,영업,202201,203001,207902.474796614,412102.059482355,37.2110217235,127.0895177988
경기도,화성시,반송동,,93-1,스타벅스 동탄광장점,영업,201302,203001,206325.039007167,411418.618291691,37.2046139805,127.0720402235
경기도,화성시,영천동,산,24-1,스타벅스 동탄디엠시티점,영업,202107,203001,208773.208500488,412073.497774566,37.2102625302,127.0994620597
경기도,화성시,송동,,726-1,스타벅스 동탄라크몽점,영업,202208,203001,209267.831935403,407233.52541514,37.1669505985,127.1050522109
경기도,화성시,목동,,0,스타벅스 동탄목동점,영업,202103,203001,966877.0066454177,1909080.7302083203,37.1826629384,127.1246970331
경기도,화성시,오산동,,1039-5,스타벅스 동탄신리천공원점,영업,202303,203001,209457.545619778,409105.258051134,37.1837603494,127.1072967786
경기도,화성시,오산동,,967-157,스타벅스 동탄역롯데R점,영업,202108,203001,208569.642431686,410949.263462028,37.200675377,127.0979238519
경기도,화성시,오산동,,969-2,스타벅스 동탄역점,영업,201709,203001,208653.400820319,410681.676205656,37.1979541339,127.0982199893
경기도,화성시,영천동,,651-1328,스타벅스 동탄영천점,영업,201606,203001,965708.9578952431,1911760.7334647132,37.2067778484,127.1114148725
경기도,화성시,석우동,,44,스타벅스 동탄이마트,영업,200712,203001,207005.769592372,412503.434111401,37.2144396098,127.0796825662
경기도,화성시,청계동,,536,스타벅스 동탄카림R,영업,201807,203001,210075.319585403,410817.645865226,37.19961176,127.1142011063
경기도,화성시,반송동,,96,스타벅스 동탄타임테라스,영업,202203,203001,206044.332509042,411453.905695269,37.204865499,127.0693116576
경기도,화성시,오산동,,1022,스타벅스 동탄트레이더스점,영업,202206,203001,208551.191176942,410187.304225812,37.1935878821,127.0972065138
경기도,화성시,송동,,694,스타벅스 동탄호수공원점,영업,202008,203001,209253.387443815,407725.114639407,37.1719563822,127.105938569
경기도,화성시,새솔동,,0,스타벅스 송산그린시티점,영업,202008,203001,939754.6267322362,1920555.4128794582,37.2847303524,126.8182261484
경기도,화성시,반월동,,163-3,스타벅스 신영통DT,영업,201512,203001,205520.078681125,414724.177814318,37.2343902696,127.0629771077
경기도,화성시,남양읍,남양리,2283,스타벅스 화성남양DT점,영업,202206,203001,183879.655682348,411692.313404461,37.2071348286,126.819093888
경기도,화성시,진안동,,873-4,스타벅스 화성병점DT,영업,201612,203001,203320.477247236,412313.501392725,37.2127079771,127.0382736025
경기도,화성시,봉담읍,동화리,564,스타벅스 화성봉담점,영업,201912,203001,195981.658924287,413019.62479955,37.2190355771,126.955458809
경기도,화성시,남양읍,남양리,2072-7,스타벅스 화성시청점,영업,201908,203001,184486.375460274,411022.505880841,37.2008919301,126.8260575483
경기도,화성시,안녕동,,37-3,스타벅스 화성안녕DT점,영업,202108,203001,201076.387418514,411195.74017978,37.2025919614,127.0129465339
경기도,화성시,향남읍,평리,81-19,스타벅스 화성향남DT점,영업,202209,203001,191959.151232041,403378.757366491,37.1319406281,126.9100032765
경기도,화성시,향남읍,관리,295-9,스타벅스 화성향남발안DT점,영업,202304,203001,194705.97404951,403523.673902937,37.1333821937,126.9414934199
경기도,화성시,향남읍,행정리,474-8,스타벅스 화성향남점,영업,201902,203001,193066.824363729,403323.990750615,37.1316879989,126.9227721079
경기도,화성시,능동,,471-7,스타벅스동탄능동DT점,영업,201806,203001,204678.970094405,412243.162527244,37.212036187,127.0534925388
경기도,화성시,반송동,,42-2,스타벅스동탄센트럴파크,영업,201501,203001,205603.594214491,411828.297147152,37.2083341121,127.0638937536
경기도,화성시,반송동,,106-1,스타벅스커피동탄점,영업,201305,203001,206425.845143288,411085.292886874,37.2016165901,127.0732290932
경기도,화성시,반월동,,633-10,스타벅스화성반월DT점,영업,202006,203001,205074.291305612,413147.918261858,37.2201654585,127.0579306694
경기도,화성시,기안동,,333-5,스타벅스화성봉담DT점,영업,202009,203001,197417.32016998,414048.315452068,37.2283389155,126.9715794307
경기도,화성시,향남읍,하길리,1465-2,스타벅스화성향남2지구점,영업,202106,203001,192012.658168745,401627.876324313,37.1163955833,126.9108668158
